experiment_id,fold,clip_id,speaker,label,years_pre_dx,p_txt,p_aud,p_fus,modality
text_lr_no_entropy,1,data/nodementia/Alan Arkin/AlanArkin_1.wav,Alan Arkin,0,,0.2839474467997436,,,clip
text_lr_no_entropy,1,data/nodementia/Alan Arkin/AlanArkin_3.wav,Alan Arkin,0,,0.24151118877860134,,,clip
text_lr_no_entropy,1,data/nodementia/Angela Lansbury/Angela Lansbury_1.wav,Angela Lansbury,0,,0.2941538023802314,,,clip
text_lr_no_entropy,1,data/nodementia/Angela Lansbury/Angela Lansbury_2.wav,Angela Lansbury,0,,0.25159496165669554,,,clip
text_lr_no_entropy,1,data/nodementia/Angela Lansbury/Angela Lansbury_3.wav,Angela Lansbury,0,,0.3031405327686066,,,clip
text_lr_no_entropy,1,data/nodementia/Barbra Streisand/BarbraStreisand_1.wav,Barbra Streisand,0,,0.3188794876133866,,,clip
text_lr_no_entropy,1,data/nodementia/Barbra Streisand/BarbraStreisand_2.wav,Barbra Streisand,0,,0.3063304112651538,,,clip
text_lr_no_entropy,1,data/nodementia/Barbra Streisand/BarbraStreisand_3.wav,Barbra Streisand,0,,0.21271888346944548,,,clip
text_lr_no_entropy,1,data/nodementia/Bill Cosby/BillCosby_1.wav,Bill Cosby,0,,0.17122835818738757,,,clip
text_lr_no_entropy,1,data/nodementia/Bill Cosby/BillCosby_3.wav,Bill Cosby,0,,0.16168675750556097,,,clip
text_lr_no_entropy,1,data/nodementia/Bob Newhart/BobNewhart_2.wav,Bob Newhart,0,,0.22875441404293403,,,clip
text_lr_no_entropy,1,data/nodementia/Bob Newhart/BobNewhart_3.wav,Bob Newhart,0,,0.24768256306545464,,,clip
text_lr_no_entropy,1,data/dementia/Charles K Kao/CharlesKKao_0.wav,Charles K Kao,1,0.0,0.2560652081621383,,,clip
text_lr_no_entropy,1,data/dementia/Charmian Carr/CharmianCarr_15.wav,Charmian Carr,1,15.0,0.21239453048881857,,,clip
text_lr_no_entropy,1,data/dementia/Charmian Carr/CharmianCarr_5.wav,Charmian Carr,1,5.0,0.2507379248773677,,,clip
text_lr_no_entropy,1,data/nodementia/Chuck norris/Chuck norris_1.wav,Chuck norris,0,,0.19741412301216243,,,clip
text_lr_no_entropy,1,data/nodementia/Chuck norris/Chuck norris_2.wav,Chuck norris,0,,0.227691011199269,,,clip
text_lr_no_entropy,1,data/nodementia/Chuck norris/Chuck norris_3.wav,Chuck norris,0,,0.2522069695305778,,,clip
text_lr_no_entropy,1,data/nodementia/Cliff Richard/CliffRichard_1.wav,Cliff Richard,0,,0.2510774135100452,,,clip
text_lr_no_entropy,1,data/nodementia/Cliff Richard/CliffRichard_2.wav,Cliff Richard,0,,0.27374732442348676,,,clip
text_lr_no_entropy,1,data/nodementia/Cliff Richard/CliffRichard_3.wav,Cliff Richard,0,,0.2083549913534708,,,clip
text_lr_no_entropy,1,data/nodementia/David Cronenberg/DavidCronenberg_1.wav,David Cronenberg,0,,0.22937223720980987,,,clip
text_lr_no_entropy,1,data/nodementia/David Cronenberg/DavidCronenberg_2.wav,David Cronenberg,0,,0.3387155313192048,,,clip
text_lr_no_entropy,1,data/nodementia/David Cronenberg/DavidCronenberg_3.wav,David Cronenberg,0,,0.27696532137415,,,clip
text_lr_no_entropy,1,data/nodementia/David McCallum/DavidMcCallum_1.wav,David McCallum,0,,0.24024912198278825,,,clip
text_lr_no_entropy,1,data/nodementia/David McCallum/DavidMcCallum_3.wav,David McCallum,0,,0.2980605278131162,,,clip
text_lr_no_entropy,1,data/dementia/David Milch/DavidMilch_10.wav,David Milch,1,10.0,0.34310267680895,,,clip
text_lr_no_entropy,1,data/dementia/David Milch/DavidMilch_15.wav,David Milch,1,15.0,0.2640752334753354,,,clip
text_lr_no_entropy,1,data/nodementia/David Soul/DavidSoul_1.wav,David Soul,0,,0.32809522919684614,,,clip
text_lr_no_entropy,1,data/nodementia/David Soul/DavidSoul_2.wav,David Soul,0,,0.2638043084194113,,,clip
text_lr_no_entropy,1,data/nodementia/David Soul/DavidSoul_3.wav,David Soul,0,,0.23410410542353857,,,clip
text_lr_no_entropy,1,data/dementia/Donald Sterling/DonaldSterling_5.wav,Donald Sterling,1,5.0,0.2624621485831778,,,clip
text_lr_no_entropy,1,data/nodementia/Donald Sutherland/DonaldSutherland_1.wav,Donald Sutherland,0,,0.2135313732017232,,,clip
text_lr_no_entropy,1,data/nodementia/Donald Sutherland/DonaldSutherland_2.wav,Donald Sutherland,0,,0.216684606296824,,,clip
text_lr_no_entropy,1,data/nodementia/Donald Sutherland/DonaldSutherland_3.wav,Donald Sutherland,0,,0.21374962634157707,,,clip
text_lr_no_entropy,1,data/dementia/Gale Sayers/galesayers_0.wav,Gale Sayers,1,0.0,0.1784200878618219,,,clip
text_lr_no_entropy,1,data/dementia/Gale Sayers/galesayers_5_1.wav,Gale Sayers,1,5.0,0.21562360233004366,,,clip
text_lr_no_entropy,1,data/dementia/Gale Sayers/galesayers_5_2.wav,Gale Sayers,1,5.0,0.22720734965807,,,clip
text_lr_no_entropy,1,data/nodementia/George H W Bush/GeorgeHWBush_2.wav,George H W Bush,0,,0.45888554465641646,,,clip
text_lr_no_entropy,1,data/nodementia/George H W Bush/GeorgeHWBush_3.wav,George H W Bush,0,,0.3425100186973448,,,clip
text_lr_no_entropy,1,data/dementia/George Klein/georgeklein_5_1.wav,George Klein,1,5.0,0.42066069831247066,,,clip
text_lr_no_entropy,1,data/dementia/George Klein/georgeklein_5_2.wav,George Klein,1,5.0,0.19446941337362603,,,clip
text_lr_no_entropy,1,data/dementia/George Klein/georgeklein_5_3.wav,George Klein,1,5.0,0.32216507280443396,,,clip
text_lr_no_entropy,1,data/nodementia/Harrion ford/Harrion ford_1.wav,Harrion ford,0,,0.2801967142557067,,,clip
text_lr_no_entropy,1,data/nodementia/Harrion ford/Harrion ford_2.wav,Harrion ford,0,,0.4653423032800632,,,clip
text_lr_no_entropy,1,data/nodementia/Harrion ford/Harrion ford_3.wav,Harrion ford,0,,0.14368550000469626,,,clip
text_lr_no_entropy,1,data/nodementia/James Cromwell/JamesCromwell_3.wav,James Cromwell,0,,0.24829424401879968,,,clip
text_lr_no_entropy,1,data/dementia/James Stewart/JamesStewart_5.wav,James Stewart,1,5.0,0.2961979318033226,,,clip
text_lr_no_entropy,1,data/dementia/Jeanne Little/JeanneLittle_10.wav,Jeanne Little,1,10.0,0.26738878570473074,,,clip
text_lr_no_entropy,1,data/nodementia/Jerry Bruckheimer/JerryBruckheimer_2.wav,Jerry Bruckheimer,0,,0.20378596164840238,,,clip
text_lr_no_entropy,1,data/nodementia/Jerry Bruckheimer/JerryBruckheimer_3.wav,Jerry Bruckheimer,0,,0.23106622880277647,,,clip
text_lr_no_entropy,1,data/dementia/Jimmy Calderwood/JimmyCalderwood_5.wav,Jimmy Calderwood,1,5.0,0.5098549596806369,,,clip
text_lr_no_entropy,1,data/nodementia/Joan Collins/JoanCollins_1.wav,Joan Collins,0,,0.19372936549264608,,,clip
text_lr_no_entropy,1,data/nodementia/Joan Collins/JoanCollins_2.wav,Joan Collins,0,,0.30385613578216525,,,clip
text_lr_no_entropy,1,data/nodementia/Joan Collins/JoanCollins_3.wav,Joan Collins,0,,0.271454096405388,,,clip
text_lr_no_entropy,1,data/nodementia/Joe Biden/JoeBiden_1.wav,Joe Biden,0,,0.3083699403894467,,,clip
text_lr_no_entropy,1,data/nodementia/Joe Biden/JoeBiden_3.wav,Joe Biden,0,,0.2921608201535624,,,clip
text_lr_no_entropy,1,data/nodementia/John Williams/JohnWilliams_1.wav,John Williams,0,,0.2690094816405548,,,clip
text_lr_no_entropy,1,data/nodementia/John Williams/JohnWilliams_2.wav,John Williams,0,,0.45599126636225096,,,clip
text_lr_no_entropy,1,data/nodementia/John Williams/JohnWilliams_3.wav,John Williams,0,,0.23349931865898607,,,clip
text_lr_no_entropy,1,data/nodementia/Kirk Douglas/Kirk Douglas_1.wav,Kirk Douglas,0,,0.3651233520436497,,,clip
text_lr_no_entropy,1,data/nodementia/Kirk Douglas/Kirk Douglas_2.wav,Kirk Douglas,0,,0.28165212871793394,,,clip
text_lr_no_entropy,1,data/nodementia/Kirk Douglas/Kirk Douglas_3.wav,Kirk Douglas,0,,0.2129380314264527,,,clip
text_lr_no_entropy,1,data/dementia/Lerone Bennett Jr/LeroneBennettJr_10.wav,Lerone Bennett Jr,1,10.0,0.2791060203380517,,,clip
text_lr_no_entropy,1,data/nodementia/Linda Evans/LindaEvans_1.wav,Linda Evans,0,,0.2793942305238863,,,clip
text_lr_no_entropy,1,data/nodementia/Linda Evans/LindaEvans_2.wav,Linda Evans,0,,0.18275587467566487,,,clip
text_lr_no_entropy,1,data/nodementia/Linda Evans/LindaEvans_3.wav,Linda Evans,0,,0.18885202602725454,,,clip
text_lr_no_entropy,1,data/nodementia/Michael Dukakis/MichaelDukakis_1.wav,Michael Dukakis,0,,0.23863403538682715,,,clip
text_lr_no_entropy,1,data/nodementia/Michael Dukakis/MichaelDukakis_3.wav,Michael Dukakis,0,,0.2821509966428242,,,clip
text_lr_no_entropy,1,data/nodementia/Mick Jagger/MickJagger_1.wav,Mick Jagger,0,,0.269438660454041,,,clip
text_lr_no_entropy,1,data/nodementia/Mick Jagger/MickJagger_2.wav,Mick Jagger,0,,0.1859270313234959,,,clip
text_lr_no_entropy,1,data/nodementia/Mick Jagger/MickJagger_3.wav,Mick Jagger,0,,0.2012565373599589,,,clip
text_lr_no_entropy,1,data/nodementia/Morgen Freeman/Morgen Freeman_1.wav,Morgen Freeman,0,,0.30118249719627666,,,clip
text_lr_no_entropy,1,data/nodementia/Morgen Freeman/Morgen Freeman_2.wav,Morgen Freeman,0,,0.19453797144540752,,,clip
text_lr_no_entropy,1,data/nodementia/Morgen Freeman/Morgen Freeman_3.wav,Morgen Freeman,0,,0.24430869521656526,,,clip
text_lr_no_entropy,1,data/nodementia/Paul Anka/PaulAnka_2.wav,Paul Anka,0,,0.22408864576106344,,,clip
text_lr_no_entropy,1,data/nodementia/Paul Anka/PaulAnka_3.wav,Paul Anka,0,,0.2904044605746704,,,clip
text_lr_no_entropy,1,data/dementia/Paul Hornung/paulhornung_0.wav,Paul Hornung,1,0.0,0.3034280493990961,,,clip
text_lr_no_entropy,1,data/dementia/Paul Hornung/paulhornung_10.wav,Paul Hornung,1,10.0,0.22716912145239324,,,clip
text_lr_no_entropy,1,data/nodementia/Peter Fonda/PeterFonda_1.wav,Peter Fonda,0,,0.46824639963229686,,,clip
text_lr_no_entropy,1,data/nodementia/Peter Fonda/PeterFonda_2.wav,Peter Fonda,0,,0.21890498326437768,,,clip
text_lr_no_entropy,1,data/nodementia/Peter Fonda/PeterFonda_3.wav,Peter Fonda,0,,0.3234483367851773,,,clip
text_lr_no_entropy,1,data/dementia/Peter Max/PeterMax_10.wav,Peter Max,1,10.0,0.1997545555696793,,,clip
text_lr_no_entropy,1,data/dementia/Peter Max/PeterMax_15.wav,Peter Max,1,15.0,0.29145009920997006,,,clip
text_lr_no_entropy,1,data/dementia/Ray Galton/RayGalton_5.wav,Ray Galton,1,5.0,0.26645802533732266,,,clip
text_lr_no_entropy,1,data/dementia/Richard Gwyn/RichardGwyn_0.wav,Richard Gwyn,1,0.0,0.33048637563203076,,,clip
text_lr_no_entropy,1,data/dementia/Richard Gwyn/RichardGwyn_5.wav,Richard Gwyn,1,5.0,0.24480228975196444,,,clip
text_lr_no_entropy,1,data/dementia/Ross Mac Donald/RossMacDonald_10.wav,Ross Mac Donald,1,10.0,0.31426443498792894,,,clip
text_lr_no_entropy,1,data/dementia/Tim Conway/TimConway_10.wav,Tim Conway,1,10.0,0.31436014684389024,,,clip
text_lr_no_entropy,1,data/dementia/Tim Conway/TimConway_5.wav,Tim Conway,1,5.0,0.3407803894446477,,,clip
text_lr_no_entropy,1,data/nodementia/Warren Beatty/WarrenBeatty_3.wav,Warren Beatty,0,,0.2960370192295088,,,clip
text_lr_no_entropy,1,,Alan Arkin,0,,0.26272931778917247,,,speaker
text_lr_no_entropy,1,,Angela Lansbury,0,,0.28296309893517785,,,speaker
text_lr_no_entropy,1,,Barbra Streisand,0,,0.27930959411599526,,,speaker
text_lr_no_entropy,1,,Bill Cosby,0,,0.16645755784647426,,,speaker
text_lr_no_entropy,1,,Bob Newhart,0,,0.23821848855419434,,,speaker
text_lr_no_entropy,1,,Charles K Kao,1,0.0,0.2560652081621383,,,speaker
text_lr_no_entropy,1,,Charmian Carr,1,5.0,0.23156622768309312,,,speaker
text_lr_no_entropy,1,,Chuck norris,0,,0.22577070124733642,,,speaker
text_lr_no_entropy,1,,Cliff Richard,0,,0.2443932430956676,,,speaker
text_lr_no_entropy,1,,David Cronenberg,0,,0.2816843633010549,,,speaker
text_lr_no_entropy,1,,David McCallum,0,,0.2691548248979522,,,speaker
text_lr_no_entropy,1,,David Milch,1,10.0,0.3035889551421427,,,speaker
text_lr_no_entropy,1,,David Soul,0,,0.275334547679932,,,speaker
text_lr_no_entropy,1,,Donald Sterling,1,5.0,0.2624621485831778,,,speaker
text_lr_no_entropy,1,,Donald Sutherland,0,,0.2146552019467081,,,speaker
text_lr_no_entropy,1,,Gale Sayers,1,0.0,0.20708367994997853,,,speaker
text_lr_no_entropy,1,,George H W Bush,0,,0.40069778167688064,,,speaker
text_lr_no_entropy,1,,George Klein,1,5.0,0.3124317281635102,,,speaker
text_lr_no_entropy,1,,Harrion ford,0,,0.2964081725134887,,,speaker
text_lr_no_entropy,1,,James Cromwell,0,,0.24829424401879968,,,speaker
text_lr_no_entropy,1,,James Stewart,1,5.0,0.2961979318033226,,,speaker
text_lr_no_entropy,1,,Jeanne Little,1,10.0,0.26738878570473074,,,speaker
text_lr_no_entropy,1,,Jerry Bruckheimer,0,,0.21742609522558942,,,speaker
text_lr_no_entropy,1,,Jimmy Calderwood,1,5.0,0.5098549596806369,,,speaker
text_lr_no_entropy,1,,Joan Collins,0,,0.25634653256006645,,,speaker
text_lr_no_entropy,1,,Joe Biden,0,,0.3002653802715045,,,speaker
text_lr_no_entropy,1,,John Williams,0,,0.3195000222205973,,,speaker
text_lr_no_entropy,1,,Kirk Douglas,0,,0.28657117072934546,,,speaker
text_lr_no_entropy,1,,Lerone Bennett Jr,1,10.0,0.2791060203380517,,,speaker
text_lr_no_entropy,1,,Linda Evans,0,,0.21700071040893523,,,speaker
text_lr_no_entropy,1,,Michael Dukakis,0,,0.2603925160148257,,,speaker
text_lr_no_entropy,1,,Mick Jagger,0,,0.21887407637916526,,,speaker
text_lr_no_entropy,1,,Morgen Freeman,0,,0.24667638795274982,,,speaker
text_lr_no_entropy,1,,Paul Anka,0,,0.25724655316786693,,,speaker
text_lr_no_entropy,1,,Paul Hornung,1,0.0,0.2652985854257447,,,speaker
text_lr_no_entropy,1,,Peter Fonda,0,,0.33686657322728397,,,speaker
text_lr_no_entropy,1,,Peter Max,1,10.0,0.24560232738982468,,,speaker
text_lr_no_entropy,1,,Ray Galton,1,5.0,0.26645802533732266,,,speaker
text_lr_no_entropy,1,,Richard Gwyn,1,0.0,0.28764433269199763,,,speaker
text_lr_no_entropy,1,,Ross Mac Donald,1,10.0,0.31426443498792894,,,speaker
text_lr_no_entropy,1,,Tim Conway,1,5.0,0.327570268144269,,,speaker
text_lr_no_entropy,1,,Warren Beatty,0,,0.2960370192295088,,,speaker
text_lr_no_drift,1,data/nodementia/Alan Arkin/AlanArkin_1.wav,Alan Arkin,0,,0.24610737319122958,,,clip
text_lr_no_drift,1,data/nodementia/Alan Arkin/AlanArkin_3.wav,Alan Arkin,0,,0.23363256038472996,,,clip
text_lr_no_drift,1,data/nodementia/Angela Lansbury/Angela Lansbury_1.wav,Angela Lansbury,0,,0.2892942320825186,,,clip
text_lr_no_drift,1,data/nodementia/Angela Lansbury/Angela Lansbury_2.wav,Angela Lansbury,0,,0.25203368120239555,,,clip
text_lr_no_drift,1,data/nodementia/Angela Lansbury/Angela Lansbury_3.wav,Angela Lansbury,0,,0.3013118416737358,,,clip
text_lr_no_drift,1,data/nodementia/Barbra Streisand/BarbraStreisand_1.wav,Barbra Streisand,0,,0.27545405132472695,,,clip
text_lr_no_drift,1,data/nodementia/Barbra Streisand/BarbraStreisand_2.wav,Barbra Streisand,0,,0.29038740288217274,,,clip
text_lr_no_drift,1,data/nodementia/Barbra Streisand/BarbraStreisand_3.wav,Barbra Streisand,0,,0.21395949950288887,,,clip
text_lr_no_drift,1,data/nodementia/Bill Cosby/BillCosby_1.wav,Bill Cosby,0,,0.20208792641481585,,,clip
text_lr_no_drift,1,data/nodementia/Bill Cosby/BillCosby_3.wav,Bill Cosby,0,,0.22193687965447723,,,clip
text_lr_no_drift,1,data/nodementia/Bob Newhart/BobNewhart_2.wav,Bob Newhart,0,,0.22325516333898465,,,clip
text_lr_no_drift,1,data/nodementia/Bob Newhart/BobNewhart_3.wav,Bob Newhart,0,,0.2447388666981439,,,clip
text_lr_no_drift,1,data/dementia/Charles K Kao/CharlesKKao_0.wav,Charles K Kao,1,0.0,0.2675898284030713,,,clip
text_lr_no_drift,1,data/dementia/Charmian Carr/CharmianCarr_15.wav,Charmian Carr,1,15.0,0.2188695503976825,,,clip
text_lr_no_drift,1,data/dementia/Charmian Carr/CharmianCarr_5.wav,Charmian Carr,1,5.0,0.24776558437716828,,,clip
text_lr_no_drift,1,data/nodementia/Chuck norris/Chuck norris_1.wav,Chuck norris,0,,0.20929694207582825,,,clip
text_lr_no_drift,1,data/nodementia/Chuck norris/Chuck norris_2.wav,Chuck norris,0,,0.224122098571938,,,clip
text_lr_no_drift,1,data/nodementia/Chuck norris/Chuck norris_3.wav,Chuck norris,0,,0.2416552044365095,,,clip
text_lr_no_drift,1,data/nodementia/Cliff Richard/CliffRichard_1.wav,Cliff Richard,0,,0.2638198863168549,,,clip
text_lr_no_drift,1,data/nodementia/Cliff Richard/CliffRichard_2.wav,Cliff Richard,0,,0.30730607369942403,,,clip
text_lr_no_drift,1,data/nodementia/Cliff Richard/CliffRichard_3.wav,Cliff Richard,0,,0.20753077909262052,,,clip
text_lr_no_drift,1,data/nodementia/David Cronenberg/DavidCronenberg_1.wav,David Cronenberg,0,,0.23008174540560694,,,clip
text_lr_no_drift,1,data/nodementia/David Cronenberg/DavidCronenberg_2.wav,David Cronenberg,0,,0.3029688876087383,,,clip
text_lr_no_drift,1,data/nodementia/David Cronenberg/DavidCronenberg_3.wav,David Cronenberg,0,,0.2571505066957157,,,clip
text_lr_no_drift,1,data/nodementia/David McCallum/DavidMcCallum_1.wav,David McCallum,0,,0.24632913850386273,,,clip
text_lr_no_drift,1,data/nodementia/David McCallum/DavidMcCallum_3.wav,David McCallum,0,,0.26360946205239566,,,clip
text_lr_no_drift,1,data/dementia/David Milch/DavidMilch_10.wav,David Milch,1,10.0,0.3250734599621869,,,clip
text_lr_no_drift,1,data/dementia/David Milch/DavidMilch_15.wav,David Milch,1,15.0,0.2620648131901473,,,clip
text_lr_no_drift,1,data/nodementia/David Soul/DavidSoul_1.wav,David Soul,0,,0.2808345048832665,,,clip
text_lr_no_drift,1,data/nodementia/David Soul/DavidSoul_2.wav,David Soul,0,,0.2353391690242923,,,clip
text_lr_no_drift,1,data/nodementia/David Soul/DavidSoul_3.wav,David Soul,0,,0.22258434171716762,,,clip
text_lr_no_drift,1,data/dementia/Donald Sterling/DonaldSterling_5.wav,Donald Sterling,1,5.0,0.25981944840135335,,,clip
text_lr_no_drift,1,data/nodementia/Donald Sutherland/DonaldSutherland_1.wav,Donald Sutherland,0,,0.21985860182825356,,,clip
text_lr_no_drift,1,data/nodementia/Donald Sutherland/DonaldSutherland_2.wav,Donald Sutherland,0,,0.23727233571147477,,,clip
text_lr_no_drift,1,data/nodementia/Donald Sutherland/DonaldSutherland_3.wav,Donald Sutherland,0,,0.21785524255846397,,,clip
text_lr_no_drift,1,data/dementia/Gale Sayers/galesayers_0.wav,Gale Sayers,1,0.0,0.19908279467055282,,,clip
text_lr_no_drift,1,data/dementia/Gale Sayers/galesayers_5_1.wav,Gale Sayers,1,5.0,0.20847824753836164,,,clip
text_lr_no_drift,1,data/dementia/Gale Sayers/galesayers_5_2.wav,Gale Sayers,1,5.0,0.22219954235761122,,,clip
text_lr_no_drift,1,data/nodementia/George H W Bush/GeorgeHWBush_2.wav,George H W Bush,0,,0.36124515289318887,,,clip
text_lr_no_drift,1,data/nodementia/George H W Bush/GeorgeHWBush_3.wav,George H W Bush,0,,0.364883651410373,,,clip
text_lr_no_drift,1,data/dementia/George Klein/georgeklein_5_1.wav,George Klein,1,5.0,0.3781871184036142,,,clip
text_lr_no_drift,1,data/dementia/George Klein/georgeklein_5_2.wav,George Klein,1,5.0,0.22194134838060015,,,clip
text_lr_no_drift,1,data/dementia/George Klein/georgeklein_5_3.wav,George Klein,1,5.0,0.3371839907313851,,,clip
text_lr_no_drift,1,data/nodementia/Harrion ford/Harrion ford_1.wav,Harrion ford,0,,0.2552105642928402,,,clip
text_lr_no_drift,1,data/nodementia/Harrion ford/Harrion ford_2.wav,Harrion ford,0,,0.4225656165429875,,,clip
text_lr_no_drift,1,data/nodementia/Harrion ford/Harrion ford_3.wav,Harrion ford,0,,0.1660537220323793,,,clip
text_lr_no_drift,1,data/nodementia/James Cromwell/JamesCromwell_3.wav,James Cromwell,0,,0.24706838993486932,,,clip
text_lr_no_drift,1,data/dementia/James Stewart/JamesStewart_5.wav,James Stewart,1,5.0,0.2690695168732096,,,clip
text_lr_no_drift,1,data/dementia/Jeanne Little/JeanneLittle_10.wav,Jeanne Little,1,10.0,0.24868002378597848,,,clip
text_lr_no_drift,1,data/nodementia/Jerry Bruckheimer/JerryBruckheimer_2.wav,Jerry Bruckheimer,0,,0.1889049492625408,,,clip
text_lr_no_drift,1,data/nodementia/Jerry Bruckheimer/JerryBruckheimer_3.wav,Jerry Bruckheimer,0,,0.22614909529764246,,,clip
text_lr_no_drift,1,data/dementia/Jimmy Calderwood/JimmyCalderwood_5.wav,Jimmy Calderwood,1,5.0,0.25480374123669364,,,clip
text_lr_no_drift,1,data/nodementia/Joan Collins/JoanCollins_1.wav,Joan Collins,0,,0.22245208750437737,,,clip
text_lr_no_drift,1,data/nodementia/Joan Collins/JoanCollins_2.wav,Joan Collins,0,,0.2882026216643432,,,clip
text_lr_no_drift,1,data/nodementia/Joan Collins/JoanCollins_3.wav,Joan Collins,0,,0.2482338692482667,,,clip
text_lr_no_drift,1,data/nodementia/Joe Biden/JoeBiden_1.wav,Joe Biden,0,,0.31400714961191595,,,clip
text_lr_no_drift,1,data/nodementia/Joe Biden/JoeBiden_3.wav,Joe Biden,0,,0.2703663086317283,,,clip
text_lr_no_drift,1,data/nodementia/John Williams/JohnWilliams_1.wav,John Williams,0,,0.29685219605139135,,,clip
text_lr_no_drift,1,data/nodementia/John Williams/JohnWilliams_2.wav,John Williams,0,,0.41329674995438637,,,clip
text_lr_no_drift,1,data/nodementia/John Williams/JohnWilliams_3.wav,John Williams,0,,0.23272123367328335,,,clip
text_lr_no_drift,1,data/nodementia/Kirk Douglas/Kirk Douglas_1.wav,Kirk Douglas,0,,0.32763524804209104,,,clip
text_lr_no_drift,1,data/nodementia/Kirk Douglas/Kirk Douglas_2.wav,Kirk Douglas,0,,0.28231441956658127,,,clip
text_lr_no_drift,1,data/nodementia/Kirk Douglas/Kirk Douglas_3.wav,Kirk Douglas,0,,0.2427520146904922,,,clip
text_lr_no_drift,1,data/dementia/Lerone Bennett Jr/LeroneBennettJr_10.wav,Lerone Bennett Jr,1,10.0,0.2518422126285305,,,clip
text_lr_no_drift,1,data/nodementia/Linda Evans/LindaEvans_1.wav,Linda Evans,0,,0.2812654375277269,,,clip
text_lr_no_drift,1,data/nodementia/Linda Evans/LindaEvans_2.wav,Linda Evans,0,,0.19834228359485917,,,clip
text_lr_no_drift,1,data/nodementia/Linda Evans/LindaEvans_3.wav,Linda Evans,0,,0.19941450693294754,,,clip
text_lr_no_drift,1,data/nodementia/Michael Dukakis/MichaelDukakis_1.wav,Michael Dukakis,0,,0.2427428670592124,,,clip
text_lr_no_drift,1,data/nodementia/Michael Dukakis/MichaelDukakis_3.wav,Michael Dukakis,0,,0.264329019495752,,,clip
text_lr_no_drift,1,data/nodementia/Mick Jagger/MickJagger_1.wav,Mick Jagger,0,,0.27217558444356177,,,clip
text_lr_no_drift,1,data/nodementia/Mick Jagger/MickJagger_2.wav,Mick Jagger,0,,0.1939718329290406,,,clip
text_lr_no_drift,1,data/nodementia/Mick Jagger/MickJagger_3.wav,Mick Jagger,0,,0.20857498239236355,,,clip
text_lr_no_drift,1,data/nodementia/Morgen Freeman/Morgen Freeman_1.wav,Morgen Freeman,0,,0.2923633818894978,,,clip
text_lr_no_drift,1,data/nodementia/Morgen Freeman/Morgen Freeman_2.wav,Morgen Freeman,0,,0.20248704553271357,,,clip
text_lr_no_drift,1,data/nodementia/Morgen Freeman/Morgen Freeman_3.wav,Morgen Freeman,0,,0.23915895474418633,,,clip
text_lr_no_drift,1,data/nodementia/Paul Anka/PaulAnka_2.wav,Paul Anka,0,,0.24063800763374318,,,clip
text_lr_no_drift,1,data/nodementia/Paul Anka/PaulAnka_3.wav,Paul Anka,0,,0.28489791627458283,,,clip
text_lr_no_drift,1,data/dementia/Paul Hornung/paulhornung_0.wav,Paul Hornung,1,0.0,0.2796829783708881,,,clip
text_lr_no_drift,1,data/dementia/Paul Hornung/paulhornung_10.wav,Paul Hornung,1,10.0,0.25334477603430855,,,clip
text_lr_no_drift,1,data/nodementia/Peter Fonda/PeterFonda_1.wav,Peter Fonda,0,,0.4210306064310807,,,clip
text_lr_no_drift,1,data/nodementia/Peter Fonda/PeterFonda_2.wav,Peter Fonda,0,,0.21955314172553894,,,clip
text_lr_no_drift,1,data/nodementia/Peter Fonda/PeterFonda_3.wav,Peter Fonda,0,,0.2995020539042766,,,clip
text_lr_no_drift,1,data/dementia/Peter Max/PeterMax_10.wav,Peter Max,1,10.0,0.21915223920319565,,,clip
text_lr_no_drift,1,data/dementia/Peter Max/PeterMax_15.wav,Peter Max,1,15.0,0.2671276624254119,,,clip
text_lr_no_drift,1,data/dementia/Ray Galton/RayGalton_5.wav,Ray Galton,1,5.0,0.2614728706280186,,,clip
text_lr_no_drift,1,data/dementia/Richard Gwyn/RichardGwyn_0.wav,Richard Gwyn,1,0.0,0.3136175520637089,,,clip
text_lr_no_drift,1,data/dementia/Richard Gwyn/RichardGwyn_5.wav,Richard Gwyn,1,5.0,0.25224032284066494,,,clip
text_lr_no_drift,1,data/dementia/Ross Mac Donald/RossMacDonald_10.wav,Ross Mac Donald,1,10.0,0.31718777936723946,,,clip
text_lr_no_drift,1,data/dementia/Tim Conway/TimConway_10.wav,Tim Conway,1,10.0,0.3206871580826203,,,clip
text_lr_no_drift,1,data/dementia/Tim Conway/TimConway_5.wav,Tim Conway,1,5.0,0.3179929555994588,,,clip
text_lr_no_drift,1,data/nodementia/Warren Beatty/WarrenBeatty_3.wav,Warren Beatty,0,,0.3008401387035085,,,clip
text_lr_no_drift,1,,Alan Arkin,0,,0.23986996678797978,,,speaker
text_lr_no_drift,1,,Angela Lansbury,0,,0.28087991831955,,,speaker
text_lr_no_drift,1,,Barbra Streisand,0,,0.2599336512365962,,,speaker
text_lr_no_drift,1,,Bill Cosby,0,,0.21201240303464652,,,speaker
text_lr_no_drift,1,,Bob Newhart,0,,0.2339970150185643,,,speaker
text_lr_no_drift,1,,Charles K Kao,1,0.0,0.2675898284030713,,,speaker
text_lr_no_drift,1,,Charmian Carr,1,5.0,0.23331756738742537,,,speaker
text_lr_no_drift,1,,Chuck norris,0,,0.22502474836142525,,,speaker
text_lr_no_drift,1,,Cliff Richard,0,,0.25955224636963314,,,speaker
text_lr_no_drift,1,,David Cronenberg,0,,0.2634003799033537,,,speaker
text_lr_no_drift,1,,David McCallum,0,,0.2549693002781292,,,speaker
text_lr_no_drift,1,,David Milch,1,10.0,0.2935691365761671,,,speaker
text_lr_no_drift,1,,David Soul,0,,0.24625267187490882,,,speaker
text_lr_no_drift,1,,Donald Sterling,1,5.0,0.25981944840135335,,,speaker
text_lr_no_drift,1,,Donald Sutherland,0,,0.2249953933660641,,,speaker
text_lr_no_drift,1,,Gale Sayers,1,0.0,0.20992019485550859,,,speaker
text_lr_no_drift,1,,George H W Bush,0,,0.36306440215178093,,,speaker
text_lr_no_drift,1,,George Klein,1,5.0,0.31243748583853315,,,speaker
text_lr_no_drift,1,,Harrion ford,0,,0.28127663428940236,,,speaker
text_lr_no_drift,1,,James Cromwell,0,,0.24706838993486932,,,speaker
text_lr_no_drift,1,,James Stewart,1,5.0,0.2690695168732096,,,speaker
text_lr_no_drift,1,,Jeanne Little,1,10.0,0.24868002378597848,,,speaker
text_lr_no_drift,1,,Jerry Bruckheimer,0,,0.20752702228009162,,,speaker
text_lr_no_drift,1,,Jimmy Calderwood,1,5.0,0.25480374123669364,,,speaker
text_lr_no_drift,1,,Joan Collins,0,,0.2529628594723291,,,speaker
text_lr_no_drift,1,,Joe Biden,0,,0.2921867291218221,,,speaker
text_lr_no_drift,1,,John Williams,0,,0.31429005989302033,,,speaker
text_lr_no_drift,1,,Kirk Douglas,0,,0.2842338940997215,,,speaker
text_lr_no_drift,1,,Lerone Bennett Jr,1,10.0,0.2518422126285305,,,speaker
text_lr_no_drift,1,,Linda Evans,0,,0.22634074268517787,,,speaker
text_lr_no_drift,1,,Michael Dukakis,0,,0.2535359432774822,,,speaker
text_lr_no_drift,1,,Mick Jagger,0,,0.22490746658832197,,,speaker
text_lr_no_drift,1,,Morgen Freeman,0,,0.24466979405546588,,,speaker
text_lr_no_drift,1,,Paul Anka,0,,0.262767961954163,,,speaker
text_lr_no_drift,1,,Paul Hornung,1,0.0,0.26651387720259834,,,speaker
text_lr_no_drift,1,,Peter Fonda,0,,0.3133619340202987,,,speaker
text_lr_no_drift,1,,Peter Max,1,10.0,0.24313995081430378,,,speaker
text_lr_no_drift,1,,Ray Galton,1,5.0,0.2614728706280186,,,speaker
text_lr_no_drift,1,,Richard Gwyn,1,0.0,0.28292893745218695,,,speaker
text_lr_no_drift,1,,Ross Mac Donald,1,10.0,0.31718777936723946,,,speaker
text_lr_no_drift,1,,Tim Conway,1,5.0,0.31934005684103955,,,speaker
text_lr_no_drift,1,,Warren Beatty,0,,0.3008401387035085,,,speaker
text_lr_traditional_only,1,data/nodementia/Alan Arkin/AlanArkin_1.wav,Alan Arkin,0,,0.27397250117589567,,,clip
text_lr_traditional_only,1,data/nodementia/Alan Arkin/AlanArkin_3.wav,Alan Arkin,0,,0.2413666148158492,,,clip
text_lr_traditional_only,1,data/nodementia/Angela Lansbury/Angela Lansbury_1.wav,Angela Lansbury,0,,0.2947869278830778,,,clip
text_lr_traditional_only,1,data/nodementia/Angela Lansbury/Angela Lansbury_2.wav,Angela Lansbury,0,,0.24575623869996385,,,clip
text_lr_traditional_only,1,data/nodementia/Angela Lansbury/Angela Lansbury_3.wav,Angela Lansbury,0,,0.3095963929910302,,,clip
text_lr_traditional_only,1,data/nodementia/Barbra Streisand/BarbraStreisand_1.wav,Barbra Streisand,0,,0.30226366497463475,,,clip
text_lr_traditional_only,1,data/nodementia/Barbra Streisand/BarbraStreisand_2.wav,Barbra Streisand,0,,0.3011686932924444,,,clip
text_lr_traditional_only,1,data/nodementia/Barbra Streisand/BarbraStreisand_3.wav,Barbra Streisand,0,,0.21635974237455383,,,clip
text_lr_traditional_only,1,data/nodementia/Bill Cosby/BillCosby_1.wav,Bill Cosby,0,,0.17047509366990132,,,clip
text_lr_traditional_only,1,data/nodementia/Bill Cosby/BillCosby_3.wav,Bill Cosby,0,,0.2007375189706649,,,clip
text_lr_traditional_only,1,data/nodementia/Bob Newhart/BobNewhart_2.wav,Bob Newhart,0,,0.22754905210399587,,,clip
text_lr_traditional_only,1,data/nodementia/Bob Newhart/BobNewhart_3.wav,Bob Newhart,0,,0.2468160395266777,,,clip
text_lr_traditional_only,1,data/dementia/Charles K Kao/CharlesKKao_0.wav,Charles K Kao,1,0.0,0.26490638924623944,,,clip
text_lr_traditional_only,1,data/dementia/Charmian Carr/CharmianCarr_15.wav,Charmian Carr,1,15.0,0.2203607458277743,,,clip
text_lr_traditional_only,1,data/dementia/Charmian Carr/CharmianCarr_5.wav,Charmian Carr,1,5.0,0.2532498055653233,,,clip
text_lr_traditional_only,1,data/nodementia/Chuck norris/Chuck norris_1.wav,Chuck norris,0,,0.20392248569929677,,,clip
text_lr_traditional_only,1,data/nodementia/Chuck norris/Chuck norris_2.wav,Chuck norris,0,,0.23232486361576538,,,clip
text_lr_traditional_only,1,data/nodementia/Chuck norris/Chuck norris_3.wav,Chuck norris,0,,0.2537971255807302,,,clip
text_lr_traditional_only,1,data/nodementia/Cliff Richard/CliffRichard_1.wav,Cliff Richard,0,,0.24235142351132305,,,clip
text_lr_traditional_only,1,data/nodementia/Cliff Richard/CliffRichard_2.wav,Cliff Richard,0,,0.26492602880158633,,,clip
text_lr_traditional_only,1,data/nodementia/Cliff Richard/CliffRichard_3.wav,Cliff Richard,0,,0.2057217424700331,,,clip
text_lr_traditional_only,1,data/nodementia/David Cronenberg/DavidCronenberg_1.wav,David Cronenberg,0,,0.23020940762612757,,,clip
text_lr_traditional_only,1,data/nodementia/David Cronenberg/DavidCronenberg_2.wav,David Cronenberg,0,,0.3346815916984994,,,clip
text_lr_traditional_only,1,data/nodementia/David Cronenberg/DavidCronenberg_3.wav,David Cronenberg,0,,0.27493648518999814,,,clip
text_lr_traditional_only,1,data/nodementia/David McCallum/DavidMcCallum_1.wav,David McCallum,0,,0.23383513081406218,,,clip
text_lr_traditional_only,1,data/nodementia/David McCallum/DavidMcCallum_3.wav,David McCallum,0,,0.28680984991679265,,,clip
text_lr_traditional_only,1,data/dementia/David Milch/DavidMilch_10.wav,David Milch,1,10.0,0.3332077784913769,,,clip
text_lr_traditional_only,1,data/dementia/David Milch/DavidMilch_15.wav,David Milch,1,15.0,0.2619726956682181,,,clip
text_lr_traditional_only,1,data/nodementia/David Soul/DavidSoul_1.wav,David Soul,0,,0.32061482530874874,,,clip
text_lr_traditional_only,1,data/nodementia/David Soul/DavidSoul_2.wav,David Soul,0,,0.2584105365856786,,,clip
text_lr_traditional_only,1,data/nodementia/David Soul/DavidSoul_3.wav,David Soul,0,,0.2357258831202097,,,clip
text_lr_traditional_only,1,data/dementia/Donald Sterling/DonaldSterling_5.wav,Donald Sterling,1,5.0,0.26731680143196807,,,clip
text_lr_traditional_only,1,data/nodementia/Donald Sutherland/DonaldSutherland_1.wav,Donald Sutherland,0,,0.21462337336267598,,,clip
text_lr_traditional_only,1,data/nodementia/Donald Sutherland/DonaldSutherland_2.wav,Donald Sutherland,0,,0.22512563344197214,,,clip
text_lr_traditional_only,1,data/nodementia/Donald Sutherland/DonaldSutherland_3.wav,Donald Sutherland,0,,0.21532558670080573,,,clip
text_lr_traditional_only,1,data/dementia/Gale Sayers/galesayers_0.wav,Gale Sayers,1,0.0,0.1809099129053753,,,clip
text_lr_traditional_only,1,data/dementia/Gale Sayers/galesayers_5_1.wav,Gale Sayers,1,5.0,0.2237902014631235,,,clip
text_lr_traditional_only,1,data/dementia/Gale Sayers/galesayers_5_2.wav,Gale Sayers,1,5.0,0.2242391972499459,,,clip
text_lr_traditional_only,1,data/nodementia/George H W Bush/GeorgeHWBush_2.wav,George H W Bush,0,,0.42539360383401287,,,clip
text_lr_traditional_only,1,data/nodementia/George H W Bush/GeorgeHWBush_3.wav,George H W Bush,0,,0.33140354862740784,,,clip
text_lr_traditional_only,1,data/dementia/George Klein/georgeklein_5_1.wav,George Klein,1,5.0,0.4150492471994919,,,clip
text_lr_traditional_only,1,data/dementia/George Klein/georgeklein_5_2.wav,George Klein,1,5.0,0.19823641417354917,,,clip
text_lr_traditional_only,1,data/dementia/George Klein/georgeklein_5_3.wav,George Klein,1,5.0,0.3109807707848502,,,clip
text_lr_traditional_only,1,data/nodementia/Harrion ford/Harrion ford_1.wav,Harrion ford,0,,0.2733248992336209,,,clip
text_lr_traditional_only,1,data/nodementia/Harrion ford/Harrion ford_2.wav,Harrion ford,0,,0.4850913787802008,,,clip
text_lr_traditional_only,1,data/nodementia/Harrion ford/Harrion ford_3.wav,Harrion ford,0,,0.15047999436587556,,,clip
text_lr_traditional_only,1,data/nodementia/James Cromwell/JamesCromwell_3.wav,James Cromwell,0,,0.2415055552776722,,,clip
text_lr_traditional_only,1,data/dementia/James Stewart/JamesStewart_5.wav,James Stewart,1,5.0,0.2855763682357588,,,clip
text_lr_traditional_only,1,data/dementia/Jeanne Little/JeanneLittle_10.wav,Jeanne Little,1,10.0,0.25943043679579564,,,clip
text_lr_traditional_only,1,data/nodementia/Jerry Bruckheimer/JerryBruckheimer_2.wav,Jerry Bruckheimer,0,,0.19536439849831902,,,clip
text_lr_traditional_only,1,data/nodementia/Jerry Bruckheimer/JerryBruckheimer_3.wav,Jerry Bruckheimer,0,,0.2302259123086987,,,clip
text_lr_traditional_only,1,data/dementia/Jimmy Calderwood/JimmyCalderwood_5.wav,Jimmy Calderwood,1,5.0,0.5948011414925539,,,clip
text_lr_traditional_only,1,data/nodementia/Joan Collins/JoanCollins_1.wav,Joan Collins,0,,0.2057653245806624,,,clip
text_lr_traditional_only,1,data/nodementia/Joan Collins/JoanCollins_2.wav,Joan Collins,0,,0.2957510874987139,,,clip
text_lr_traditional_only,1,data/nodementia/Joan Collins/JoanCollins_3.wav,Joan Collins,0,,0.2605164212330091,,,clip
text_lr_traditional_only,1,data/nodementia/Joe Biden/JoeBiden_1.wav,Joe Biden,0,,0.31633869080095683,,,clip
text_lr_traditional_only,1,data/nodementia/Joe Biden/JoeBiden_3.wav,Joe Biden,0,,0.29273054423256795,,,clip
text_lr_traditional_only,1,data/nodementia/John Williams/JohnWilliams_1.wav,John Williams,0,,0.30940761782408366,,,clip
text_lr_traditional_only,1,data/nodementia/John Williams/JohnWilliams_2.wav,John Williams,0,,0.4201379488389634,,,clip
text_lr_traditional_only,1,data/nodementia/John Williams/JohnWilliams_3.wav,John Williams,0,,0.23549574785533914,,,clip
text_lr_traditional_only,1,data/nodementia/Kirk Douglas/Kirk Douglas_1.wav,Kirk Douglas,0,,0.3575237616158462,,,clip
text_lr_traditional_only,1,data/nodementia/Kirk Douglas/Kirk Douglas_2.wav,Kirk Douglas,0,,0.28094847230266234,,,clip
text_lr_traditional_only,1,data/nodementia/Kirk Douglas/Kirk Douglas_3.wav,Kirk Douglas,0,,0.21044142549477354,,,clip
text_lr_traditional_only,1,data/dementia/Lerone Bennett Jr/LeroneBennettJr_10.wav,Lerone Bennett Jr,1,10.0,0.2838494804602049,,,clip
text_lr_traditional_only,1,data/nodementia/Linda Evans/LindaEvans_1.wav,Linda Evans,0,,0.2663133632240539,,,clip
text_lr_traditional_only,1,data/nodementia/Linda Evans/LindaEvans_2.wav,Linda Evans,0,,0.18985010828313942,,,clip
text_lr_traditional_only,1,data/nodementia/Linda Evans/LindaEvans_3.wav,Linda Evans,0,,0.1942697695731364,,,clip
text_lr_traditional_only,1,data/nodementia/Michael Dukakis/MichaelDukakis_1.wav,Michael Dukakis,0,,0.2462665914614948,,,clip
text_lr_traditional_only,1,data/nodementia/Michael Dukakis/MichaelDukakis_3.wav,Michael Dukakis,0,,0.28132230081513426,,,clip
text_lr_traditional_only,1,data/nodementia/Mick Jagger/MickJagger_1.wav,Mick Jagger,0,,0.26783389797794144,,,clip
text_lr_traditional_only,1,data/nodementia/Mick Jagger/MickJagger_2.wav,Mick Jagger,0,,0.18981411924251812,,,clip
text_lr_traditional_only,1,data/nodementia/Mick Jagger/MickJagger_3.wav,Mick Jagger,0,,0.20427022356981944,,,clip
text_lr_traditional_only,1,data/nodementia/Morgen Freeman/Morgen Freeman_1.wav,Morgen Freeman,0,,0.3047556225099695,,,clip
text_lr_traditional_only,1,data/nodementia/Morgen Freeman/Morgen Freeman_2.wav,Morgen Freeman,0,,0.19999023689894305,,,clip
text_lr_traditional_only,1,data/nodementia/Morgen Freeman/Morgen Freeman_3.wav,Morgen Freeman,0,,0.24128792933854326,,,clip
text_lr_traditional_only,1,data/nodementia/Paul Anka/PaulAnka_2.wav,Paul Anka,0,,0.22015558406496533,,,clip
text_lr_traditional_only,1,data/nodementia/Paul Anka/PaulAnka_3.wav,Paul Anka,0,,0.28342582825645335,,,clip
text_lr_traditional_only,1,data/dementia/Paul Hornung/paulhornung_0.wav,Paul Hornung,1,0.0,0.3016040918505573,,,clip
text_lr_traditional_only,1,data/dementia/Paul Hornung/paulhornung_10.wav,Paul Hornung,1,10.0,0.21866647506045273,,,clip
text_lr_traditional_only,1,data/nodementia/Peter Fonda/PeterFonda_1.wav,Peter Fonda,0,,0.4693627264373143,,,clip
text_lr_traditional_only,1,data/nodementia/Peter Fonda/PeterFonda_2.wav,Peter Fonda,0,,0.21275158234627756,,,clip
text_lr_traditional_only,1,data/nodementia/Peter Fonda/PeterFonda_3.wav,Peter Fonda,0,,0.323092962930265,,,clip
text_lr_traditional_only,1,data/dementia/Peter Max/PeterMax_10.wav,Peter Max,1,10.0,0.20690283536398088,,,clip
text_lr_traditional_only,1,data/dementia/Peter Max/PeterMax_15.wav,Peter Max,1,15.0,0.2748372650476184,,,clip
text_lr_traditional_only,1,data/dementia/Ray Galton/RayGalton_5.wav,Ray Galton,1,5.0,0.2634869689142023,,,clip
text_lr_traditional_only,1,data/dementia/Richard Gwyn/RichardGwyn_0.wav,Richard Gwyn,1,0.0,0.3229242528724042,,,clip
text_lr_traditional_only,1,data/dementia/Richard Gwyn/RichardGwyn_5.wav,Richard Gwyn,1,5.0,0.25149870223942805,,,clip
text_lr_traditional_only,1,data/dementia/Ross Mac Donald/RossMacDonald_10.wav,Ross Mac Donald,1,10.0,0.326442375316251,,,clip
text_lr_traditional_only,1,data/dementia/Tim Conway/TimConway_10.wav,Tim Conway,1,10.0,0.3182473912213846,,,clip
text_lr_traditional_only,1,data/dementia/Tim Conway/TimConway_5.wav,Tim Conway,1,5.0,0.3323659741784976,,,clip
text_lr_traditional_only,1,data/nodementia/Warren Beatty/WarrenBeatty_3.wav,Warren Beatty,0,,0.28197374728634356,,,clip
text_lr_traditional_only,1,,Alan Arkin,0,,0.25766955799587243,,,speaker
text_lr_traditional_only,1,,Angela Lansbury,0,,0.2833798531913573,,,speaker
text_lr_traditional_only,1,,Barbra Streisand,0,,0.273264033547211,,,speaker
text_lr_traditional_only,1,,Bill Cosby,0,,0.18560630632028313,,,speaker
text_lr_traditional_only,1,,Bob Newhart,0,,0.23718254581533676,,,speaker
text_lr_traditional_only,1,,Charles K Kao,1,0.0,0.26490638924623944,,,speaker
text_lr_traditional_only,1,,Charmian Carr,1,5.0,0.2368052756965488,,,speaker
text_lr_traditional_only,1,,Chuck norris,0,,0.23001482496526413,,,speaker
text_lr_traditional_only,1,,Cliff Richard,0,,0.23766639826098082,,,speaker
text_lr_traditional_only,1,,David Cronenberg,0,,0.2799424948382084,,,speaker
text_lr_traditional_only,1,,David McCallum,0,,0.26032249036542743,,,speaker
text_lr_traditional_only,1,,David Milch,1,10.0,0.2975902370797975,,,speaker
text_lr_traditional_only,1,,David Soul,0,,0.27158374833821236,,,speaker
text_lr_traditional_only,1,,Donald Sterling,1,5.0,0.26731680143196807,,,speaker
text_lr_traditional_only,1,,Donald Sutherland,0,,0.21835819783515129,,,speaker
text_lr_traditional_only,1,,Gale Sayers,1,0.0,0.20964643720614826,,,speaker
text_lr_traditional_only,1,,George H W Bush,0,,0.3783985762307104,,,speaker
text_lr_traditional_only,1,,George Klein,1,5.0,0.3080888107192971,,,speaker
text_lr_traditional_only,1,,Harrion ford,0,,0.30296542412656574,,,speaker
text_lr_traditional_only,1,,James Cromwell,0,,0.2415055552776722,,,speaker
text_lr_traditional_only,1,,James Stewart,1,5.0,0.2855763682357588,,,speaker
text_lr_traditional_only,1,,Jeanne Little,1,10.0,0.25943043679579564,,,speaker
text_lr_traditional_only,1,,Jerry Bruckheimer,0,,0.21279515540350885,,,speaker
text_lr_traditional_only,1,,Jimmy Calderwood,1,5.0,0.5948011414925539,,,speaker
text_lr_traditional_only,1,,Joan Collins,0,,0.2540109444374618,,,speaker
text_lr_traditional_only,1,,Joe Biden,0,,0.30453461751676236,,,speaker
text_lr_traditional_only,1,,John Williams,0,,0.3216804381727954,,,speaker
text_lr_traditional_only,1,,Kirk Douglas,0,,0.28297121980442735,,,speaker
text_lr_traditional_only,1,,Lerone Bennett Jr,1,10.0,0.2838494804602049,,,speaker
text_lr_traditional_only,1,,Linda Evans,0,,0.2168110803601099,,,speaker
text_lr_traditional_only,1,,Michael Dukakis,0,,0.26379444613831454,,,speaker
text_lr_traditional_only,1,,Mick Jagger,0,,0.22063941359675968,,,speaker
text_lr_traditional_only,1,,Morgen Freeman,0,,0.24867792958248527,,,speaker
text_lr_traditional_only,1,,Paul Anka,0,,0.2517907061607093,,,speaker
text_lr_traditional_only,1,,Paul Hornung,1,0.0,0.260135283455505,,,speaker
text_lr_traditional_only,1,,Peter Fonda,0,,0.33506909057128564,,,speaker
text_lr_traditional_only,1,,Peter Max,1,10.0,0.24087005020579966,,,speaker
text_lr_traditional_only,1,,Ray Galton,1,5.0,0.2634869689142023,,,speaker
text_lr_traditional_only,1,,Richard Gwyn,1,0.0,0.28721147755591614,,,speaker
text_lr_traditional_only,1,,Ross Mac Donald,1,10.0,0.326442375316251,,,speaker
text_lr_traditional_only,1,,Tim Conway,1,5.0,0.3253066826999411,,,speaker
text_lr_traditional_only,1,,Warren Beatty,0,,0.28197374728634356,,,speaker
text_lr_novel_only,1,data/nodementia/Alan Arkin/AlanArkin_1.wav,Alan Arkin,0,,0.23870263544819717,,,clip
text_lr_novel_only,1,data/nodementia/Alan Arkin/AlanArkin_3.wav,Alan Arkin,0,,0.24793241251932704,,,clip
text_lr_novel_only,1,data/nodementia/Angela Lansbury/Angela Lansbury_1.wav,Angela Lansbury,0,,0.2818047366535836,,,clip
text_lr_novel_only,1,data/nodementia/Angela Lansbury/Angela Lansbury_2.wav,Angela Lansbury,0,,0.2637521653594157,,,clip
text_lr_novel_only,1,data/nodementia/Angela Lansbury/Angela Lansbury_3.wav,Angela Lansbury,0,,0.2734737287974145,,,clip
text_lr_novel_only,1,data/nodementia/Barbra Streisand/BarbraStreisand_1.wav,Barbra Streisand,0,,0.2619212904320905,,,clip
text_lr_novel_only,1,data/nodementia/Barbra Streisand/BarbraStreisand_2.wav,Barbra Streisand,0,,0.25534825675549505,,,clip
text_lr_novel_only,1,data/nodementia/Barbra Streisand/BarbraStreisand_3.wav,Barbra Streisand,0,,0.23887022134938365,,,clip
text_lr_novel_only,1,data/nodementia/Bill Cosby/BillCosby_1.wav,Bill Cosby,0,,0.26663454011811,,,clip
text_lr_novel_only,1,data/nodementia/Bill Cosby/BillCosby_3.wav,Bill Cosby,0,,0.2888548876028655,,,clip
text_lr_novel_only,1,data/nodementia/Bob Newhart/BobNewhart_2.wav,Bob Newhart,0,,0.23371642886906088,,,clip
text_lr_novel_only,1,data/nodementia/Bob Newhart/BobNewhart_3.wav,Bob Newhart,0,,0.2704009482454451,,,clip
text_lr_novel_only,1,data/dementia/Charles K Kao/CharlesKKao_0.wav,Charles K Kao,1,0.0,0.3137038347501605,,,clip
text_lr_novel_only,1,data/dementia/Charmian Carr/CharmianCarr_15.wav,Charmian Carr,1,15.0,0.24540080422352178,,,clip
text_lr_novel_only,1,data/dementia/Charmian Carr/CharmianCarr_5.wav,Charmian Carr,1,5.0,0.2674941517425279,,,clip
text_lr_novel_only,1,data/nodementia/Chuck norris/Chuck norris_1.wav,Chuck norris,0,,0.2502926687751095,,,clip
text_lr_novel_only,1,data/nodementia/Chuck norris/Chuck norris_2.wav,Chuck norris,0,,0.23536152720506642,,,clip
text_lr_novel_only,1,data/nodementia/Chuck norris/Chuck norris_3.wav,Chuck norris,0,,0.24436679392370825,,,clip
text_lr_novel_only,1,data/nodementia/Cliff Richard/CliffRichard_1.wav,Cliff Richard,0,,0.3007117585719015,,,clip
text_lr_novel_only,1,data/nodementia/Cliff Richard/CliffRichard_2.wav,Cliff Richard,0,,0.31813616137425926,,,clip
text_lr_novel_only,1,data/nodementia/Cliff Richard/CliffRichard_3.wav,Cliff Richard,0,,0.2392709833091664,,,clip
text_lr_novel_only,1,data/nodementia/David Cronenberg/DavidCronenberg_1.wav,David Cronenberg,0,,0.24702583963410366,,,clip
text_lr_novel_only,1,data/nodementia/David Cronenberg/DavidCronenberg_2.wav,David Cronenberg,0,,0.2773198957758542,,,clip
text_lr_novel_only,1,data/nodementia/David Cronenberg/DavidCronenberg_3.wav,David Cronenberg,0,,0.2645450976989449,,,clip
text_lr_novel_only,1,data/nodementia/David McCallum/DavidMcCallum_1.wav,David McCallum,0,,0.3133870075047129,,,clip
text_lr_novel_only,1,data/nodementia/David McCallum/DavidMcCallum_3.wav,David McCallum,0,,0.2540453985246937,,,clip
text_lr_novel_only,1,data/dementia/David Milch/DavidMilch_10.wav,David Milch,1,10.0,0.2713605457332204,,,clip
text_lr_novel_only,1,data/dementia/David Milch/DavidMilch_15.wav,David Milch,1,15.0,0.27374907361205814,,,clip
text_lr_novel_only,1,data/nodementia/David Soul/DavidSoul_1.wav,David Soul,0,,0.2484171803588922,,,clip
text_lr_novel_only,1,data/nodementia/David Soul/DavidSoul_2.wav,David Soul,0,,0.245058119783019,,,clip
text_lr_novel_only,1,data/nodementia/David Soul/DavidSoul_3.wav,David Soul,0,,0.23110805897445733,,,clip
text_lr_novel_only,1,data/dementia/Donald Sterling/DonaldSterling_5.wav,Donald Sterling,1,5.0,0.27360369514982774,,,clip
text_lr_novel_only,1,data/nodementia/Donald Sutherland/DonaldSutherland_1.wav,Donald Sutherland,0,,0.2433738768580215,,,clip
text_lr_novel_only,1,data/nodementia/Donald Sutherland/DonaldSutherland_2.wav,Donald Sutherland,0,,0.2528130138822256,,,clip
text_lr_novel_only,1,data/nodementia/Donald Sutherland/DonaldSutherland_3.wav,Donald Sutherland,0,,0.2716473296916503,,,clip
text_lr_novel_only,1,data/dementia/Gale Sayers/galesayers_0.wav,Gale Sayers,1,0.0,0.25234112068486103,,,clip
text_lr_novel_only,1,data/dementia/Gale Sayers/galesayers_5_1.wav,Gale Sayers,1,5.0,0.24564357585049967,,,clip
text_lr_novel_only,1,data/dementia/Gale Sayers/galesayers_5_2.wav,Gale Sayers,1,5.0,0.24290839121378865,,,clip
text_lr_novel_only,1,data/nodementia/George H W Bush/GeorgeHWBush_2.wav,George H W Bush,0,,0.25389096253807575,,,clip
text_lr_novel_only,1,data/nodementia/George H W Bush/GeorgeHWBush_3.wav,George H W Bush,0,,0.31812198052593965,,,clip
text_lr_novel_only,1,data/dementia/George Klein/georgeklein_5_1.wav,George Klein,1,5.0,0.3417843197007062,,,clip
text_lr_novel_only,1,data/dementia/George Klein/georgeklein_5_2.wav,George Klein,1,5.0,0.27534392232058486,,,clip
text_lr_novel_only,1,data/dementia/George Klein/georgeklein_5_3.wav,George Klein,1,5.0,0.35279288425831695,,,clip
text_lr_novel_only,1,data/nodementia/Harrion ford/Harrion ford_1.wav,Harrion ford,0,,0.2648354437895163,,,clip
text_lr_novel_only,1,data/nodementia/Harrion ford/Harrion ford_2.wav,Harrion ford,0,,0.30921319725009666,,,clip
text_lr_novel_only,1,data/nodementia/Harrion ford/Harrion ford_3.wav,Harrion ford,0,,0.2625785029245626,,,clip
text_lr_novel_only,1,data/nodementia/James Cromwell/JamesCromwell_3.wav,James Cromwell,0,,0.276075695134743,,,clip
text_lr_novel_only,1,data/dementia/James Stewart/JamesStewart_5.wav,James Stewart,1,5.0,0.26495852637825024,,,clip
text_lr_novel_only,1,data/dementia/Jeanne Little/JeanneLittle_10.wav,Jeanne Little,1,10.0,0.2522804224818348,,,clip
text_lr_novel_only,1,data/nodementia/Jerry Bruckheimer/JerryBruckheimer_2.wav,Jerry Bruckheimer,0,,0.23510391837832464,,,clip
text_lr_novel_only,1,data/nodementia/Jerry Bruckheimer/JerryBruckheimer_3.wav,Jerry Bruckheimer,0,,0.253387402302971,,,clip
text_lr_novel_only,1,data/dementia/Jimmy Calderwood/JimmyCalderwood_5.wav,Jimmy Calderwood,1,5.0,0.08005581492914318,,,clip
text_lr_novel_only,1,data/nodementia/Joan Collins/JoanCollins_1.wav,Joan Collins,0,,0.26209379584287035,,,clip
text_lr_novel_only,1,data/nodementia/Joan Collins/JoanCollins_2.wav,Joan Collins,0,,0.2555142322156087,,,clip
text_lr_novel_only,1,data/nodementia/Joan Collins/JoanCollins_3.wav,Joan Collins,0,,0.2398511678162838,,,clip
text_lr_novel_only,1,data/nodementia/Joe Biden/JoeBiden_1.wav,Joe Biden,0,,0.2818412296984893,,,clip
text_lr_novel_only,1,data/nodementia/Joe Biden/JoeBiden_3.wav,Joe Biden,0,,0.23725831711734668,,,clip
text_lr_novel_only,1,data/nodementia/John Williams/JohnWilliams_1.wav,John Williams,0,,0.3022319255242778,,,clip
text_lr_novel_only,1,data/nodementia/John Williams/JohnWilliams_2.wav,John Williams,0,,0.2728176182194926,,,clip
text_lr_novel_only,1,data/nodementia/John Williams/JohnWilliams_3.wav,John Williams,0,,0.2574797379319223,,,clip
text_lr_novel_only,1,data/nodementia/Kirk Douglas/Kirk Douglas_1.wav,Kirk Douglas,0,,0.24929385712659385,,,clip
text_lr_novel_only,1,data/nodementia/Kirk Douglas/Kirk Douglas_2.wav,Kirk Douglas,0,,0.28253813893387775,,,clip
text_lr_novel_only,1,data/nodementia/Kirk Douglas/Kirk Douglas_3.wav,Kirk Douglas,0,,0.30848811329693515,,,clip
text_lr_novel_only,1,data/dementia/Lerone Bennett Jr/LeroneBennettJr_10.wav,Lerone Bennett Jr,1,10.0,0.2419806163002728,,,clip
text_lr_novel_only,1,data/nodementia/Linda Evans/LindaEvans_1.wav,Linda Evans,0,,0.2976123781114556,,,clip
text_lr_novel_only,1,data/nodementia/Linda Evans/LindaEvans_2.wav,Linda Evans,0,,0.22193667091072142,,,clip
text_lr_novel_only,1,data/nodementia/Linda Evans/LindaEvans_3.wav,Linda Evans,0,,0.22411068592832464,,,clip
text_lr_novel_only,1,data/nodementia/Michael Dukakis/MichaelDukakis_1.wav,Michael Dukakis,0,,0.26068521401279693,,,clip
text_lr_novel_only,1,data/nodementia/Michael Dukakis/MichaelDukakis_3.wav,Michael Dukakis,0,,0.23643323034638636,,,clip
text_lr_novel_only,1,data/nodementia/Mick Jagger/MickJagger_1.wav,Mick Jagger,0,,0.26309435285077876,,,clip
text_lr_novel_only,1,data/nodementia/Mick Jagger/MickJagger_2.wav,Mick Jagger,0,,0.2363036884130018,,,clip
text_lr_novel_only,1,data/nodementia/Mick Jagger/MickJagger_3.wav,Mick Jagger,0,,0.24720893808678127,,,clip
text_lr_novel_only,1,data/nodementia/Morgen Freeman/Morgen Freeman_1.wav,Morgen Freeman,0,,0.25360193737737624,,,clip
text_lr_novel_only,1,data/nodementia/Morgen Freeman/Morgen Freeman_2.wav,Morgen Freeman,0,,0.23665825288929598,,,clip
text_lr_novel_only,1,data/nodementia/Morgen Freeman/Morgen Freeman_3.wav,Morgen Freeman,0,,0.25460928419378465,,,clip
text_lr_novel_only,1,data/nodementia/Paul Anka/PaulAnka_2.wav,Paul Anka,0,,0.26166232300200915,,,clip
text_lr_novel_only,1,data/nodementia/Paul Anka/PaulAnka_3.wav,Paul Anka,0,,0.2500981876813685,,,clip
text_lr_novel_only,1,data/dementia/Paul Hornung/paulhornung_0.wav,Paul Hornung,1,0.0,0.2503364474746585,,,clip
text_lr_novel_only,1,data/dementia/Paul Hornung/paulhornung_10.wav,Paul Hornung,1,10.0,0.28957208690854963,,,clip
text_lr_novel_only,1,data/nodementia/Peter Fonda/PeterFonda_1.wav,Peter Fonda,0,,0.32741009157342493,,,clip
text_lr_novel_only,1,data/nodementia/Peter Fonda/PeterFonda_2.wav,Peter Fonda,0,,0.25355831390410716,,,clip
text_lr_novel_only,1,data/nodementia/Peter Fonda/PeterFonda_3.wav,Peter Fonda,0,,0.27921878053430677,,,clip
text_lr_novel_only,1,data/dementia/Peter Max/PeterMax_10.wav,Peter Max,1,10.0,0.24103313010438085,,,clip
text_lr_novel_only,1,data/dementia/Peter Max/PeterMax_15.wav,Peter Max,1,15.0,0.2665954791071022,,,clip
text_lr_novel_only,1,data/dementia/Ray Galton/RayGalton_5.wav,Ray Galton,1,5.0,0.26259443182309,,,clip
text_lr_novel_only,1,data/dementia/Richard Gwyn/RichardGwyn_0.wav,Richard Gwyn,1,0.0,0.28020585902455303,,,clip
text_lr_novel_only,1,data/dementia/Richard Gwyn/RichardGwyn_5.wav,Richard Gwyn,1,5.0,0.2726462770327028,,,clip
text_lr_novel_only,1,data/dementia/Ross Mac Donald/RossMacDonald_10.wav,Ross Mac Donald,1,10.0,0.2801591190921513,,,clip
text_lr_novel_only,1,data/dementia/Tim Conway/TimConway_10.wav,Tim Conway,1,10.0,0.30956366047691924,,,clip
text_lr_novel_only,1,data/dementia/Tim Conway/TimConway_5.wav,Tim Conway,1,5.0,0.27057415527821616,,,clip
text_lr_novel_only,1,data/nodementia/Warren Beatty/WarrenBeatty_3.wav,Warren Beatty,0,,0.2749089552297874,,,clip
text_lr_novel_only,1,,Alan Arkin,0,,0.2433175239837621,,,speaker
text_lr_novel_only,1,,Angela Lansbury,0,,0.27301021027013794,,,speaker
text_lr_novel_only,1,,Barbra Streisand,0,,0.25204658951232306,,,speaker
text_lr_novel_only,1,,Bill Cosby,0,,0.2777447138604877,,,speaker
text_lr_novel_only,1,,Bob Newhart,0,,0.252058688557253,,,speaker
text_lr_novel_only,1,,Charles K Kao,1,0.0,0.3137038347501605,,,speaker
text_lr_novel_only,1,,Charmian Carr,1,5.0,0.2564474779830248,,,speaker
text_lr_novel_only,1,,Chuck norris,0,,0.24334032996796137,,,speaker
text_lr_novel_only,1,,Cliff Richard,0,,0.2860396344184424,,,speaker
text_lr_novel_only,1,,David Cronenberg,0,,0.2629636110363009,,,speaker
text_lr_novel_only,1,,David McCallum,0,,0.2837162030147033,,,speaker
text_lr_novel_only,1,,David Milch,1,10.0,0.27255480967263923,,,speaker
text_lr_novel_only,1,,David Soul,0,,0.24152778637212283,,,speaker
text_lr_novel_only,1,,Donald Sterling,1,5.0,0.27360369514982774,,,speaker
text_lr_novel_only,1,,Donald Sutherland,0,,0.2559447401439658,,,speaker
text_lr_novel_only,1,,Gale Sayers,1,0.0,0.24696436258304977,,,speaker
text_lr_novel_only,1,,George H W Bush,0,,0.2860064715320077,,,speaker
text_lr_novel_only,1,,George Klein,1,5.0,0.32330704209320266,,,speaker
text_lr_novel_only,1,,Harrion ford,0,,0.27887571465472516,,,speaker
text_lr_novel_only,1,,James Cromwell,0,,0.276075695134743,,,speaker
text_lr_novel_only,1,,James Stewart,1,5.0,0.26495852637825024,,,speaker
text_lr_novel_only,1,,Jeanne Little,1,10.0,0.2522804224818348,,,speaker
text_lr_novel_only,1,,Jerry Bruckheimer,0,,0.24424566034064782,,,speaker
text_lr_novel_only,1,,Jimmy Calderwood,1,5.0,0.08005581492914318,,,speaker
text_lr_novel_only,1,,Joan Collins,0,,0.25248639862492095,,,speaker
text_lr_novel_only,1,,Joe Biden,0,,0.25954977340791796,,,speaker
text_lr_novel_only,1,,John Williams,0,,0.2775097605585642,,,speaker
text_lr_novel_only,1,,Kirk Douglas,0,,0.2801067031191356,,,speaker
text_lr_novel_only,1,,Lerone Bennett Jr,1,10.0,0.2419806163002728,,,speaker
text_lr_novel_only,1,,Linda Evans,0,,0.2478865783168339,,,speaker
text_lr_novel_only,1,,Michael Dukakis,0,,0.24855922217959164,,,speaker
text_lr_novel_only,1,,Mick Jagger,0,,0.24886899311685395,,,speaker
text_lr_novel_only,1,,Morgen Freeman,0,,0.2482898248201523,,,speaker
text_lr_novel_only,1,,Paul Anka,0,,0.2558802553416888,,,speaker
text_lr_novel_only,1,,Paul Hornung,1,0.0,0.2699542671916041,,,speaker
text_lr_novel_only,1,,Peter Fonda,0,,0.28672906200394627,,,speaker
text_lr_novel_only,1,,Peter Max,1,10.0,0.2538143046057415,,,speaker
text_lr_novel_only,1,,Ray Galton,1,5.0,0.26259443182309,,,speaker
text_lr_novel_only,1,,Richard Gwyn,1,0.0,0.2764260680286279,,,speaker
text_lr_novel_only,1,,Ross Mac Donald,1,10.0,0.2801591190921513,,,speaker
text_lr_novel_only,1,,Tim Conway,1,5.0,0.29006890787756767,,,speaker
text_lr_novel_only,1,,Warren Beatty,0,,0.2749089552297874,,,speaker
text_lr_no_entropy,2,data/dementia/Alan Ramsey/alanramsey_10.wav,Alan Ramsey,1,10.0,0.288006626577763,,,clip
text_lr_no_entropy,2,data/dementia/Andrew Sachs/andrewsachs_10.wav,Andrew Sachs,1,10.0,0.23198902769740762,,,clip
text_lr_no_entropy,2,data/dementia/Andrew Sachs/andrewsachs_15.wav,Andrew Sachs,1,15.0,0.28838367735743103,,,clip
text_lr_no_entropy,2,data/dementia/Annette Michelson/annettemichelson_15.wav,Annette Michelson,1,15.0,0.3339988254388467,,,clip
text_lr_no_entropy,2,data/dementia/Antony Flew/antonyflew_10.wav,Antony Flew,1,10.0,0.3427681492073192,,,clip
text_lr_no_entropy,2,data/dementia/Antony Flew/antonyflew_5_1.wav,Antony Flew,1,5.0,0.33694374211336114,,,clip
text_lr_no_entropy,2,data/dementia/Antony Flew/antonyflew_5_2.wav,Antony Flew,1,5.0,0.5109635051955135,,,clip
text_lr_no_entropy,2,data/dementia/Bill Buckner/BillBuckner_10.wav,Bill Buckner,1,10.0,0.2958341755907428,,,clip
text_lr_no_entropy,2,data/dementia/Bill Buckner/BillBuckner_15.wav,Bill Buckner,1,15.0,0.26179850485353734,,,clip
text_lr_no_entropy,2,data/dementia/Bill Buckner/BillBuckner_5.wav,Bill Buckner,1,5.0,0.2617941685745799,,,clip
text_lr_no_entropy,2,data/nodementia/Charlie Watts/CharlieWatts_1.wav,Charlie Watts,0,,0.28777449205750355,,,clip
text_lr_no_entropy,2,data/nodementia/Charlie Watts/CharlieWatts_3.wav,Charlie Watts,0,,0.1849292890881647,,,clip
text_lr_no_entropy,2,data/nodementia/Derek Jacobi/DerekJacobi_1.wav,Derek Jacobi,0,,0.2540875079970736,,,clip
text_lr_no_entropy,2,data/nodementia/Derek Jacobi/DerekJacobi_3.wav,Derek Jacobi,0,,0.4804867026967236,,,clip
text_lr_no_entropy,2,data/nodementia/Dick van Dyke/dick van dyke_1.wav,Dick van Dyke,0,,0.2463922375778728,,,clip
text_lr_no_entropy,2,data/nodementia/Dick van Dyke/dick van dyke_3.wav,Dick van Dyke,0,,0.2914463365501244,,,clip
text_lr_no_entropy,2,data/nodementia/Dominic Chianese/DominicChianese_3.wav,Dominic Chianese,0,,0.185239831792489,,,clip
text_lr_no_entropy,2,data/dementia/Estelle Getty/EstelleGetty_15.wav,Estelle Getty,1,15.0,0.23652936052710632,,,clip
text_lr_no_entropy,2,data/nodementia/Gene Hackman/GeneHackman_1.wav,Gene Hackman,0,,0.2551172226945224,,,clip
text_lr_no_entropy,2,data/nodementia/Gene Hackman/GeneHackman_2.wav,Gene Hackman,0,,0.23656127620664394,,,clip
text_lr_no_entropy,2,data/nodementia/Gene Hackman/GeneHackman_3.wav,Gene Hackman,0,,0.29601160743470445,,,clip
text_lr_no_entropy,2,data/nodementia/George A Romero/GeorgeARomero_1.wav,George A Romero,0,,0.26743853010327717,,,clip
text_lr_no_entropy,2,data/nodementia/George A Romero/GeorgeARomero_2.wav,George A Romero,0,,0.1980008895384683,,,clip
text_lr_no_entropy,2,data/nodementia/George A Romero/GeorgeARomero_3.wav,George A Romero,0,,0.27357912836062853,,,clip
text_lr_no_entropy,2,data/nodementia/George Clinton/GeorgeClinton_1.wav,George Clinton,0,,0.3191354245568717,,,clip
text_lr_no_entropy,2,data/nodementia/George Clinton/GeorgeClinton_2.wav,George Clinton,0,,0.27644581549646136,,,clip
text_lr_no_entropy,2,data/nodementia/George Clinton/GeorgeClinton_3.wav,George Clinton,0,,0.26233331930282344,,,clip
text_lr_no_entropy,2,data/dementia/George Robb/georgerobb_10.wav,George Robb,1,10.0,0.4615766691063956,,,clip
text_lr_no_entropy,2,data/nodementia/Harry Belafonte/HarryBelafonte_1.wav,Harry Belafonte,0,,0.32027637366373246,,,clip
text_lr_no_entropy,2,data/nodementia/Harry Belafonte/HarryBelafonte_2.wav,Harry Belafonte,0,,0.2936078588619486,,,clip
text_lr_no_entropy,2,data/nodementia/Harry Belafonte/HarryBelafonte_3.wav,Harry Belafonte,0,,0.35222751164027344,,,clip
text_lr_no_entropy,2,data/dementia/Ian McCaskill/ianmccaskill_15.wav,Ian McCaskill,1,15.0,0.3582686395502157,,,clip
text_lr_no_entropy,2,data/dementia/Iris Murdoch/IrisMurdoch_10.wav,Iris Murdoch,1,10.0,0.4213916118827279,,,clip
text_lr_no_entropy,2,data/dementia/Iris Murdoch/IrisMurdoch_5.wav,Iris Murdoch,1,5.0,0.4954969503475079,,,clip
text_lr_no_entropy,2,data/nodementia/James Caan/JamesCaan_1.wav,James Caan,0,,0.2854916300825577,,,clip
text_lr_no_entropy,2,data/nodementia/James Caan/JamesCaan_2.wav,James Caan,0,,0.2263894346370736,,,clip
text_lr_no_entropy,2,data/nodementia/James Caan/JamesCaan_3.wav,James Caan,0,,0.2433362235943897,,,clip
text_lr_no_entropy,2,data/nodementia/Jimmy Carter/Jimmy carter_2.wav,Jimmy Carter,0,,0.29387451252433494,,,clip
text_lr_no_entropy,2,data/nodementia/Jimmy Carter/Jimmy carter_3.wav,Jimmy Carter,0,,0.24880412755692852,,,clip
text_lr_no_entropy,2,data/dementia/Jimmy Fratianno/JimmyFratianno_0.wav,Jimmy Fratianno,1,0.0,0.25780991731832076,,,clip
text_lr_no_entropy,2,data/dementia/Joe Conley/JoeConley_0.wav,Joe Conley,1,0.0,0.2753004943619175,,,clip
text_lr_no_entropy,2,data/nodementia/Joe Pesci/JoePesci_1.wav,Joe Pesci,0,,0.22282367596862326,,,clip
text_lr_no_entropy,2,data/nodementia/Joe Pesci/JoePesci_2.wav,Joe Pesci,0,,0.22133426427984018,,,clip
text_lr_no_entropy,2,data/nodementia/Joe Pesci/JoePesci_3.wav,Joe Pesci,0,,0.24567413633386848,,,clip
text_lr_no_entropy,2,data/nodementia/Johnny Mathis/Johnny Mathis_2.wav,Johnny Mathis,0,,0.3142401607083117,,,clip
text_lr_no_entropy,2,data/nodementia/Johnny Mathis/JohnnyMathis_3.wav,Johnny Mathis,0,,0.29145638898468923,,,clip
text_lr_no_entropy,2,data/nodementia/Lee Majors/LeeMajors_2.wav,Lee Majors,0,,0.29930312888393906,,,clip
text_lr_no_entropy,2,data/nodementia/Lee Majors/LeeMajors_3.wav,Lee Majors,0,,0.23290024229448064,,,clip
text_lr_no_entropy,2,data/nodementia/Line Renaud/LineRenaud_1.wav,Line Renaud,0,,0.49255150961073846,,,clip
text_lr_no_entropy,2,data/nodementia/Line Renaud/LineRenaud_3.wav,Line Renaud,0,,0.4133798533754975,,,clip
text_lr_no_entropy,2,data/nodementia/Martin Scorsese/MartinScorsese_1.wav,Martin Scorsese,0,,0.2598541047304337,,,clip
text_lr_no_entropy,2,data/nodementia/Martin Scorsese/MartinScorsese_2.wav,Martin Scorsese,0,,0.3068799183366124,,,clip
text_lr_no_entropy,2,data/nodementia/Martin Scorsese/MartinScorsese_3.wav,Martin Scorsese,0,,0.28015712735265774,,,clip
text_lr_no_entropy,2,data/nodementia/Mel brooks/Mel brooks_1.wav,Mel brooks,0,,0.22059152482959407,,,clip
text_lr_no_entropy,2,data/nodementia/Mel brooks/Mel brooks_2.wav,Mel brooks,0,,0.25140013933891164,,,clip
text_lr_no_entropy,2,data/nodementia/Mel brooks/Mel brooks_3.wav,Mel brooks,0,,0.25341941437687304,,,clip
text_lr_no_entropy,2,data/nodementia/Merle Haggard/MerleHaggard_1.wav,Merle Haggard,0,,0.36026646406600626,,,clip
text_lr_no_entropy,2,data/nodementia/Merle Haggard/MerleHaggard_2.wav,Merle Haggard,0,,0.28949645563643095,,,clip
text_lr_no_entropy,2,data/nodementia/Merle Haggard/MerleHaggard_3.wav,Merle Haggard,0,,0.2767371588085692,,,clip
text_lr_no_entropy,2,data/dementia/Pat Pariseau/patpariseau_10_1.wav,Pat Pariseau,1,10.0,0.25392123919713855,,,clip
text_lr_no_entropy,2,data/dementia/Pat Pariseau/patpariseau_10_2.wav,Pat Pariseau,1,10.0,0.2914012425074181,,,clip
text_lr_no_entropy,2,data/nodementia/Patrick Stewart/Patrick Stewart_1.wav,Patrick Stewart,0,,0.26727734276613596,,,clip
text_lr_no_entropy,2,data/nodementia/Patrick Stewart/Patrick Stewart_2.wav,Patrick Stewart,0,,0.48940628548529685,,,clip
text_lr_no_entropy,2,data/nodementia/Patrick Stewart/Patrick Stewart_3.wav,Patrick Stewart,0,,0.31429149800532985,,,clip
text_lr_no_entropy,2,data/nodementia/Paul Michael Glaser/PaulMichaelGlaser_1.wav,Paul Michael Glaser,0,,0.2577900243183463,,,clip
text_lr_no_entropy,2,data/nodementia/Paul Michael Glaser/PaulMichaelGlaser_3.wav,Paul Michael Glaser,0,,0.24762896539147877,,,clip
text_lr_no_entropy,2,data/nodementia/Raquel Welch/RaquelWelch_1.wav,Raquel Welch,0,,0.2451909907417683,,,clip
text_lr_no_entropy,2,data/nodementia/Raquel Welch/RaquelWelch_2.wav,Raquel Welch,0,,0.30975802155256454,,,clip
text_lr_no_entropy,2,data/nodementia/Raquel Welch/RaquelWelch_3.wav,Raquel Welch,0,,0.22857042100558392,,,clip
text_lr_no_entropy,2,data/nodementia/Ridley Scott/RidleyScott_1.wav,Ridley Scott,0,,0.2472491083183037,,,clip
text_lr_no_entropy,2,data/nodementia/Ridley Scott/RidleyScott_2.wav,Ridley Scott,0,,0.2903791283805225,,,clip
text_lr_no_entropy,2,data/nodementia/Ridley Scott/RidleyScott_3.wav,Ridley Scott,0,,0.309352310013115,,,clip
text_lr_no_entropy,2,data/nodementia/Robert De Niro/RobertDeNiro_1.wav,Robert De Niro,0,,0.23379621669444936,,,clip
text_lr_no_entropy,2,data/nodementia/Robert De Niro/RobertDeNiro_2.wav,Robert De Niro,0,,0.25323169120622474,,,clip
text_lr_no_entropy,2,data/nodementia/Robert De Niro/RobertDeNiro_3.wav,Robert De Niro,0,,0.19476778045641335,,,clip
text_lr_no_entropy,2,data/nodementia/Robert Duvall/RobertDuvall_1.wav,Robert Duvall,0,,0.2754598753588956,,,clip
text_lr_no_entropy,2,data/nodementia/Robert Duvall/RobertDuvall_2.wav,Robert Duvall,0,,0.24356877424727258,,,clip
text_lr_no_entropy,2,data/nodementia/Robert Duvall/RobertDuvall_3.wav,Robert Duvall,0,,0.3064233308676564,,,clip
text_lr_no_entropy,2,data/nodementia/Robert Wagner/RobertWagner_2.wav,Robert Wagner,0,,0.33290785141649626,,,clip
text_lr_no_entropy,2,data/nodementia/Robert Wagner/RobertWagner_3.wav,Robert Wagner,0,,0.20313730941545702,,,clip
text_lr_no_entropy,2,data/dementia/Robin Williams/RobinWilliams_0.wav,Robin Williams,1,0.0,0.27133554213449973,,,clip
text_lr_no_entropy,2,data/dementia/Ronan O_Rahilly/ronano_rahilly_15_1.wav,Ronan O_Rahilly,1,15.0,0.27036477597844266,,,clip
text_lr_no_entropy,2,data/dementia/Ronan O_Rahilly/ronano_rahilly_15_2.wav,Ronan O_Rahilly,1,15.0,0.3599067140058921,,,clip
text_lr_no_entropy,2,data/nodementia/Rosalynn Carter/RosalynnCarter_1.wav,Rosalynn Carter,0,,0.20018848748855386,,,clip
text_lr_no_entropy,2,data/nodementia/Rosalynn Carter/RosalynnCarter_2.wav,Rosalynn Carter,0,,0.27502252016956125,,,clip
text_lr_no_entropy,2,data/nodementia/Rosalynn Carter/RosalynnCarter_3.wav,Rosalynn Carter,0,,0.45519184745584396,,,clip
text_lr_no_entropy,2,data/dementia/Terry Jones/terryjones_5.wav,Terry Jones,1,5.0,0.285010926467327,,,clip
text_lr_no_entropy,2,data/dementia/Tony Parkes/TonyParkes_10.wav,Tony Parkes,1,10.0,0.4396909919452566,,,clip
text_lr_no_entropy,2,data/dementia/Tony Parkes/TonyParkes_5.wav,Tony Parkes,1,5.0,0.4543872321228165,,,clip
text_lr_no_entropy,2,data/dementia/Trevor Peacock/TrevorPeacock_5.wav,Trevor Peacock,1,5.0,0.2972533058079848,,,clip
text_lr_no_entropy,2,data/nodementia/Vangelis/Vangelis_3.wav,Vangelis,0,,0.27293339185161863,,,clip
text_lr_no_entropy,2,,Alan Ramsey,1,10.0,0.288006626577763,,,speaker
text_lr_no_entropy,2,,Andrew Sachs,1,10.0,0.26018635252741934,,,speaker
text_lr_no_entropy,2,,Annette Michelson,1,15.0,0.3339988254388467,,,speaker
text_lr_no_entropy,2,,Antony Flew,1,5.0,0.39689179883873127,,,speaker
text_lr_no_entropy,2,,Bill Buckner,1,5.0,0.2731422830062867,,,speaker
text_lr_no_entropy,2,,Charlie Watts,0,,0.23635189057283412,,,speaker
text_lr_no_entropy,2,,Derek Jacobi,0,,0.36728710534689857,,,speaker
text_lr_no_entropy,2,,Dick van Dyke,0,,0.2689192870639986,,,speaker
text_lr_no_entropy,2,,Dominic Chianese,0,,0.185239831792489,,,speaker
text_lr_no_entropy,2,,Estelle Getty,1,15.0,0.23652936052710632,,,speaker
text_lr_no_entropy,2,,Gene Hackman,0,,0.2625633687786236,,,speaker
text_lr_no_entropy,2,,George A Romero,0,,0.24633951600079132,,,speaker
text_lr_no_entropy,2,,George Clinton,0,,0.28597151978538554,,,speaker
text_lr_no_entropy,2,,George Robb,1,10.0,0.4615766691063956,,,speaker
text_lr_no_entropy,2,,Harry Belafonte,0,,0.3220372480553182,,,speaker
text_lr_no_entropy,2,,Ian McCaskill,1,15.0,0.3582686395502157,,,speaker
text_lr_no_entropy,2,,Iris Murdoch,1,5.0,0.4584442811151179,,,speaker
text_lr_no_entropy,2,,James Caan,0,,0.25173909610467365,,,speaker
text_lr_no_entropy,2,,Jimmy Carter,0,,0.2713393200406317,,,speaker
text_lr_no_entropy,2,,Jimmy Fratianno,1,0.0,0.25780991731832076,,,speaker
text_lr_no_entropy,2,,Joe Conley,1,0.0,0.2753004943619175,,,speaker
text_lr_no_entropy,2,,Joe Pesci,0,,0.22994402552744397,,,speaker
text_lr_no_entropy,2,,Johnny Mathis,0,,0.30284827484650045,,,speaker
text_lr_no_entropy,2,,Lee Majors,0,,0.2661016855892099,,,speaker
text_lr_no_entropy,2,,Line Renaud,0,,0.452965681493118,,,speaker
text_lr_no_entropy,2,,Martin Scorsese,0,,0.2822970501399013,,,speaker
text_lr_no_entropy,2,,Mel brooks,0,,0.2418036928484596,,,speaker
text_lr_no_entropy,2,,Merle Haggard,0,,0.3088333595036688,,,speaker
text_lr_no_entropy,2,,Pat Pariseau,1,10.0,0.27266124085227833,,,speaker
text_lr_no_entropy,2,,Patrick Stewart,0,,0.3569917087522542,,,speaker
text_lr_no_entropy,2,,Paul Michael Glaser,0,,0.25270949485491256,,,speaker
text_lr_no_entropy,2,,Raquel Welch,0,,0.2611731444333056,,,speaker
text_lr_no_entropy,2,,Ridley Scott,0,,0.28232684890398035,,,speaker
text_lr_no_entropy,2,,Robert De Niro,0,,0.2272652294523625,,,speaker
text_lr_no_entropy,2,,Robert Duvall,0,,0.2751506601579415,,,speaker
text_lr_no_entropy,2,,Robert Wagner,0,,0.26802258041597665,,,speaker
text_lr_no_entropy,2,,Robin Williams,1,0.0,0.27133554213449973,,,speaker
text_lr_no_entropy,2,,Ronan O_Rahilly,1,15.0,0.31513574499216734,,,speaker
text_lr_no_entropy,2,,Rosalynn Carter,0,,0.3101342850379864,,,speaker
text_lr_no_entropy,2,,Terry Jones,1,5.0,0.285010926467327,,,speaker
text_lr_no_entropy,2,,Tony Parkes,1,5.0,0.44703911203403657,,,speaker
text_lr_no_entropy,2,,Trevor Peacock,1,5.0,0.2972533058079848,,,speaker
text_lr_no_entropy,2,,Vangelis,0,,0.27293339185161863,,,speaker
text_lr_no_drift,2,data/dementia/Alan Ramsey/alanramsey_10.wav,Alan Ramsey,1,10.0,0.2871418098204288,,,clip
text_lr_no_drift,2,data/dementia/Andrew Sachs/andrewsachs_10.wav,Andrew Sachs,1,10.0,0.2356289939258239,,,clip
text_lr_no_drift,2,data/dementia/Andrew Sachs/andrewsachs_15.wav,Andrew Sachs,1,15.0,0.30235762605827693,,,clip
text_lr_no_drift,2,data/dementia/Annette Michelson/annettemichelson_15.wav,Annette Michelson,1,15.0,0.32153320713500916,,,clip
text_lr_no_drift,2,data/dementia/Antony Flew/antonyflew_10.wav,Antony Flew,1,10.0,0.3399186201024461,,,clip
text_lr_no_drift,2,data/dementia/Antony Flew/antonyflew_5_1.wav,Antony Flew,1,5.0,0.34321106960633446,,,clip
text_lr_no_drift,2,data/dementia/Antony Flew/antonyflew_5_2.wav,Antony Flew,1,5.0,0.4362091991126276,,,clip
text_lr_no_drift,2,data/dementia/Bill Buckner/BillBuckner_10.wav,Bill Buckner,1,10.0,0.2891882339672775,,,clip
text_lr_no_drift,2,data/dementia/Bill Buckner/BillBuckner_15.wav,Bill Buckner,1,15.0,0.2531477517048811,,,clip
text_lr_no_drift,2,data/dementia/Bill Buckner/BillBuckner_5.wav,Bill Buckner,1,5.0,0.2661289747065693,,,clip
text_lr_no_drift,2,data/nodementia/Charlie Watts/CharlieWatts_1.wav,Charlie Watts,0,,0.2903127808756086,,,clip
text_lr_no_drift,2,data/nodementia/Charlie Watts/CharlieWatts_3.wav,Charlie Watts,0,,0.1975108558071286,,,clip
text_lr_no_drift,2,data/nodementia/Derek Jacobi/DerekJacobi_1.wav,Derek Jacobi,0,,0.26968079113951365,,,clip
text_lr_no_drift,2,data/nodementia/Derek Jacobi/DerekJacobi_3.wav,Derek Jacobi,0,,0.5378754731768475,,,clip
text_lr_no_drift,2,data/nodementia/Dick van Dyke/dick van dyke_1.wav,Dick van Dyke,0,,0.24840018499406163,,,clip
text_lr_no_drift,2,data/nodementia/Dick van Dyke/dick van dyke_3.wav,Dick van Dyke,0,,0.28716383658149774,,,clip
text_lr_no_drift,2,data/nodementia/Dominic Chianese/DominicChianese_3.wav,Dominic Chianese,0,,0.19415760601028514,,,clip
text_lr_no_drift,2,data/dementia/Estelle Getty/EstelleGetty_15.wav,Estelle Getty,1,15.0,0.25337566044519416,,,clip
text_lr_no_drift,2,data/nodementia/Gene Hackman/GeneHackman_1.wav,Gene Hackman,0,,0.2797199361536597,,,clip
text_lr_no_drift,2,data/nodementia/Gene Hackman/GeneHackman_2.wav,Gene Hackman,0,,0.24937923892433383,,,clip
text_lr_no_drift,2,data/nodementia/Gene Hackman/GeneHackman_3.wav,Gene Hackman,0,,0.28740734874421636,,,clip
text_lr_no_drift,2,data/nodementia/George A Romero/GeorgeARomero_1.wav,George A Romero,0,,0.2522919228134742,,,clip
text_lr_no_drift,2,data/nodementia/George A Romero/GeorgeARomero_2.wav,George A Romero,0,,0.18724570513405533,,,clip
text_lr_no_drift,2,data/nodementia/George A Romero/GeorgeARomero_3.wav,George A Romero,0,,0.2791833691314797,,,clip
text_lr_no_drift,2,data/nodementia/George Clinton/GeorgeClinton_1.wav,George Clinton,0,,0.29144845172413253,,,clip
text_lr_no_drift,2,data/nodementia/George Clinton/GeorgeClinton_2.wav,George Clinton,0,,0.291009506517982,,,clip
text_lr_no_drift,2,data/nodementia/George Clinton/GeorgeClinton_3.wav,George Clinton,0,,0.26467026374612945,,,clip
text_lr_no_drift,2,data/dementia/George Robb/georgerobb_10.wav,George Robb,1,10.0,0.5393820624755727,,,clip
text_lr_no_drift,2,data/nodementia/Harry Belafonte/HarryBelafonte_1.wav,Harry Belafonte,0,,0.29323199858570476,,,clip
text_lr_no_drift,2,data/nodementia/Harry Belafonte/HarryBelafonte_2.wav,Harry Belafonte,0,,0.2975376778736527,,,clip
text_lr_no_drift,2,data/nodementia/Harry Belafonte/HarryBelafonte_3.wav,Harry Belafonte,0,,0.3616332445088833,,,clip
text_lr_no_drift,2,data/dementia/Ian McCaskill/ianmccaskill_15.wav,Ian McCaskill,1,15.0,0.35947291983947216,,,clip
text_lr_no_drift,2,data/dementia/Iris Murdoch/IrisMurdoch_10.wav,Iris Murdoch,1,10.0,0.4266650257695581,,,clip
text_lr_no_drift,2,data/dementia/Iris Murdoch/IrisMurdoch_5.wav,Iris Murdoch,1,5.0,0.5466797177128888,,,clip
text_lr_no_drift,2,data/nodementia/James Caan/JamesCaan_1.wav,James Caan,0,,0.28354576460898456,,,clip
text_lr_no_drift,2,data/nodementia/James Caan/JamesCaan_2.wav,James Caan,0,,0.23460137360344088,,,clip
text_lr_no_drift,2,data/nodementia/James Caan/JamesCaan_3.wav,James Caan,0,,0.23137190264260574,,,clip
text_lr_no_drift,2,data/nodementia/Jimmy Carter/Jimmy carter_2.wav,Jimmy Carter,0,,0.29547990304125493,,,clip
text_lr_no_drift,2,data/nodementia/Jimmy Carter/Jimmy carter_3.wav,Jimmy Carter,0,,0.2233409611876742,,,clip
text_lr_no_drift,2,data/dementia/Jimmy Fratianno/JimmyFratianno_0.wav,Jimmy Fratianno,1,0.0,0.26098499315746077,,,clip
text_lr_no_drift,2,data/dementia/Joe Conley/JoeConley_0.wav,Joe Conley,1,0.0,0.2686177752586054,,,clip
text_lr_no_drift,2,data/nodementia/Joe Pesci/JoePesci_1.wav,Joe Pesci,0,,0.228422105288226,,,clip
text_lr_no_drift,2,data/nodementia/Joe Pesci/JoePesci_2.wav,Joe Pesci,0,,0.2099686324135097,,,clip
text_lr_no_drift,2,data/nodementia/Joe Pesci/JoePesci_3.wav,Joe Pesci,0,,0.23995498076428806,,,clip
text_lr_no_drift,2,data/nodementia/Johnny Mathis/Johnny Mathis_2.wav,Johnny Mathis,0,,0.3072507564154607,,,clip
text_lr_no_drift,2,data/nodementia/Johnny Mathis/JohnnyMathis_3.wav,Johnny Mathis,0,,0.29271969224038785,,,clip
text_lr_no_drift,2,data/nodementia/Lee Majors/LeeMajors_2.wav,Lee Majors,0,,0.2813099829363222,,,clip
text_lr_no_drift,2,data/nodementia/Lee Majors/LeeMajors_3.wav,Lee Majors,0,,0.24590884994414547,,,clip
text_lr_no_drift,2,data/nodementia/Line Renaud/LineRenaud_1.wav,Line Renaud,0,,0.42198152508813114,,,clip
text_lr_no_drift,2,data/nodementia/Line Renaud/LineRenaud_3.wav,Line Renaud,0,,0.3625761839584422,,,clip
text_lr_no_drift,2,data/nodementia/Martin Scorsese/MartinScorsese_1.wav,Martin Scorsese,0,,0.267241561096347,,,clip
text_lr_no_drift,2,data/nodementia/Martin Scorsese/MartinScorsese_2.wav,Martin Scorsese,0,,0.3083506381384688,,,clip
text_lr_no_drift,2,data/nodementia/Martin Scorsese/MartinScorsese_3.wav,Martin Scorsese,0,,0.27899953270308847,,,clip
text_lr_no_drift,2,data/nodementia/Mel brooks/Mel brooks_1.wav,Mel brooks,0,,0.21955114339913576,,,clip
text_lr_no_drift,2,data/nodementia/Mel brooks/Mel brooks_2.wav,Mel brooks,0,,0.2561381021643213,,,clip
text_lr_no_drift,2,data/nodementia/Mel brooks/Mel brooks_3.wav,Mel brooks,0,,0.24992141014323033,,,clip
text_lr_no_drift,2,data/nodementia/Merle Haggard/MerleHaggard_1.wav,Merle Haggard,0,,0.30640176855648765,,,clip
text_lr_no_drift,2,data/nodementia/Merle Haggard/MerleHaggard_2.wav,Merle Haggard,0,,0.27642464079209483,,,clip
text_lr_no_drift,2,data/nodementia/Merle Haggard/MerleHaggard_3.wav,Merle Haggard,0,,0.27956201502777894,,,clip
text_lr_no_drift,2,data/dementia/Pat Pariseau/patpariseau_10_1.wav,Pat Pariseau,1,10.0,0.2516032797103548,,,clip
text_lr_no_drift,2,data/dementia/Pat Pariseau/patpariseau_10_2.wav,Pat Pariseau,1,10.0,0.2882909527487243,,,clip
text_lr_no_drift,2,data/nodementia/Patrick Stewart/Patrick Stewart_1.wav,Patrick Stewart,0,,0.28428229758209794,,,clip
text_lr_no_drift,2,data/nodementia/Patrick Stewart/Patrick Stewart_2.wav,Patrick Stewart,0,,0.5632197074643744,,,clip
text_lr_no_drift,2,data/nodementia/Patrick Stewart/Patrick Stewart_3.wav,Patrick Stewart,0,,0.32123124514943324,,,clip
text_lr_no_drift,2,data/nodementia/Paul Michael Glaser/PaulMichaelGlaser_1.wav,Paul Michael Glaser,0,,0.24984616879897717,,,clip
text_lr_no_drift,2,data/nodementia/Paul Michael Glaser/PaulMichaelGlaser_3.wav,Paul Michael Glaser,0,,0.23718917121647856,,,clip
text_lr_no_drift,2,data/nodementia/Raquel Welch/RaquelWelch_1.wav,Raquel Welch,0,,0.24855750879194324,,,clip
text_lr_no_drift,2,data/nodementia/Raquel Welch/RaquelWelch_2.wav,Raquel Welch,0,,0.33137813803230004,,,clip
text_lr_no_drift,2,data/nodementia/Raquel Welch/RaquelWelch_3.wav,Raquel Welch,0,,0.23319831751988196,,,clip
text_lr_no_drift,2,data/nodementia/Ridley Scott/RidleyScott_1.wav,Ridley Scott,0,,0.2384328489878463,,,clip
text_lr_no_drift,2,data/nodementia/Ridley Scott/RidleyScott_2.wav,Ridley Scott,0,,0.29745116391497656,,,clip
text_lr_no_drift,2,data/nodementia/Ridley Scott/RidleyScott_3.wav,Ridley Scott,0,,0.3031289992709304,,,clip
text_lr_no_drift,2,data/nodementia/Robert De Niro/RobertDeNiro_1.wav,Robert De Niro,0,,0.2427588523262492,,,clip
text_lr_no_drift,2,data/nodementia/Robert De Niro/RobertDeNiro_2.wav,Robert De Niro,0,,0.24568833216143873,,,clip
text_lr_no_drift,2,data/nodementia/Robert De Niro/RobertDeNiro_3.wav,Robert De Niro,0,,0.2542340000450527,,,clip
text_lr_no_drift,2,data/nodementia/Robert Duvall/RobertDuvall_1.wav,Robert Duvall,0,,0.28130010052181564,,,clip
text_lr_no_drift,2,data/nodementia/Robert Duvall/RobertDuvall_2.wav,Robert Duvall,0,,0.2460611836322072,,,clip
text_lr_no_drift,2,data/nodementia/Robert Duvall/RobertDuvall_3.wav,Robert Duvall,0,,0.3016387161167754,,,clip
text_lr_no_drift,2,data/nodementia/Robert Wagner/RobertWagner_2.wav,Robert Wagner,0,,0.37724319788116867,,,clip
text_lr_no_drift,2,data/nodementia/Robert Wagner/RobertWagner_3.wav,Robert Wagner,0,,0.2154559024160055,,,clip
text_lr_no_drift,2,data/dementia/Robin Williams/RobinWilliams_0.wav,Robin Williams,1,0.0,0.2702091007836493,,,clip
text_lr_no_drift,2,data/dementia/Ronan O_Rahilly/ronano_rahilly_15_1.wav,Ronan O_Rahilly,1,15.0,0.28122274003618597,,,clip
text_lr_no_drift,2,data/dementia/Ronan O_Rahilly/ronano_rahilly_15_2.wav,Ronan O_Rahilly,1,15.0,0.34274793092335776,,,clip
text_lr_no_drift,2,data/nodementia/Rosalynn Carter/RosalynnCarter_1.wav,Rosalynn Carter,0,,0.19485538996783516,,,clip
text_lr_no_drift,2,data/nodementia/Rosalynn Carter/RosalynnCarter_2.wav,Rosalynn Carter,0,,0.2821374658051372,,,clip
text_lr_no_drift,2,data/nodementia/Rosalynn Carter/RosalynnCarter_3.wav,Rosalynn Carter,0,,0.35621209387732555,,,clip
text_lr_no_drift,2,data/dementia/Terry Jones/terryjones_5.wav,Terry Jones,1,5.0,0.2810168972083325,,,clip
text_lr_no_drift,2,data/dementia/Tony Parkes/TonyParkes_10.wav,Tony Parkes,1,10.0,0.49983998824514986,,,clip
text_lr_no_drift,2,data/dementia/Tony Parkes/TonyParkes_5.wav,Tony Parkes,1,5.0,0.5301536239216359,,,clip
text_lr_no_drift,2,data/dementia/Trevor Peacock/TrevorPeacock_5.wav,Trevor Peacock,1,5.0,0.3073558588019519,,,clip
text_lr_no_drift,2,data/nodementia/Vangelis/Vangelis_3.wav,Vangelis,0,,0.2579825324797436,,,clip
text_lr_no_drift,2,,Alan Ramsey,1,10.0,0.2871418098204288,,,speaker
text_lr_no_drift,2,,Andrew Sachs,1,10.0,0.2689933099920504,,,speaker
text_lr_no_drift,2,,Annette Michelson,1,15.0,0.32153320713500916,,,speaker
text_lr_no_drift,2,,Antony Flew,1,5.0,0.3731129629404694,,,speaker
text_lr_no_drift,2,,Bill Buckner,1,5.0,0.26948832012624263,,,speaker
text_lr_no_drift,2,,Charlie Watts,0,,0.2439118183413686,,,speaker
text_lr_no_drift,2,,Derek Jacobi,0,,0.4037781321581806,,,speaker
text_lr_no_drift,2,,Dick van Dyke,0,,0.2677820107877797,,,speaker
text_lr_no_drift,2,,Dominic Chianese,0,,0.19415760601028514,,,speaker
text_lr_no_drift,2,,Estelle Getty,1,15.0,0.25337566044519416,,,speaker
text_lr_no_drift,2,,Gene Hackman,0,,0.27216884127407,,,speaker
text_lr_no_drift,2,,George A Romero,0,,0.23957366569300306,,,speaker
text_lr_no_drift,2,,George Clinton,0,,0.28237607399608133,,,speaker
text_lr_no_drift,2,,George Robb,1,10.0,0.5393820624755727,,,speaker
text_lr_no_drift,2,,Harry Belafonte,0,,0.31746764032274694,,,speaker
text_lr_no_drift,2,,Ian McCaskill,1,15.0,0.35947291983947216,,,speaker
text_lr_no_drift,2,,Iris Murdoch,1,5.0,0.48667237174122346,,,speaker
text_lr_no_drift,2,,James Caan,0,,0.24983968028501038,,,speaker
text_lr_no_drift,2,,Jimmy Carter,0,,0.2594104321144646,,,speaker
text_lr_no_drift,2,,Jimmy Fratianno,1,0.0,0.26098499315746077,,,speaker
text_lr_no_drift,2,,Joe Conley,1,0.0,0.2686177752586054,,,speaker
text_lr_no_drift,2,,Joe Pesci,0,,0.2261152394886746,,,speaker
text_lr_no_drift,2,,Johnny Mathis,0,,0.2999852243279243,,,speaker
text_lr_no_drift,2,,Lee Majors,0,,0.26360941644023383,,,speaker
text_lr_no_drift,2,,Line Renaud,0,,0.3922788545232867,,,speaker
text_lr_no_drift,2,,Martin Scorsese,0,,0.2848639106459681,,,speaker
text_lr_no_drift,2,,Mel brooks,0,,0.2418702185688958,,,speaker
text_lr_no_drift,2,,Merle Haggard,0,,0.28746280812545383,,,speaker
text_lr_no_drift,2,,Pat Pariseau,1,10.0,0.26994711622953954,,,speaker
text_lr_no_drift,2,,Patrick Stewart,0,,0.38957775006530193,,,speaker
text_lr_no_drift,2,,Paul Michael Glaser,0,,0.24351767000772787,,,speaker
text_lr_no_drift,2,,Raquel Welch,0,,0.2710446547813751,,,speaker
text_lr_no_drift,2,,Ridley Scott,0,,0.2796710040579178,,,speaker
text_lr_no_drift,2,,Robert De Niro,0,,0.24756039484424686,,,speaker
text_lr_no_drift,2,,Robert Duvall,0,,0.2763333334235994,,,speaker
text_lr_no_drift,2,,Robert Wagner,0,,0.2963495501485871,,,speaker
text_lr_no_drift,2,,Robin Williams,1,0.0,0.2702091007836493,,,speaker
text_lr_no_drift,2,,Ronan O_Rahilly,1,15.0,0.31198533547977186,,,speaker
text_lr_no_drift,2,,Rosalynn Carter,0,,0.277734983216766,,,speaker
text_lr_no_drift,2,,Terry Jones,1,5.0,0.2810168972083325,,,speaker
text_lr_no_drift,2,,Tony Parkes,1,5.0,0.5149968060833929,,,speaker
text_lr_no_drift,2,,Trevor Peacock,1,5.0,0.3073558588019519,,,speaker
text_lr_no_drift,2,,Vangelis,0,,0.2579825324797436,,,speaker
text_lr_traditional_only,2,data/dementia/Alan Ramsey/alanramsey_10.wav,Alan Ramsey,1,10.0,0.2893440518197143,,,clip
text_lr_traditional_only,2,data/dementia/Andrew Sachs/andrewsachs_10.wav,Andrew Sachs,1,10.0,0.22950377808847672,,,clip
text_lr_traditional_only,2,data/dementia/Andrew Sachs/andrewsachs_15.wav,Andrew Sachs,1,15.0,0.2940663047973501,,,clip
text_lr_traditional_only,2,data/dementia/Annette Michelson/annettemichelson_15.wav,Annette Michelson,1,15.0,0.33267482367727114,,,clip
text_lr_traditional_only,2,data/dementia/Antony Flew/antonyflew_10.wav,Antony Flew,1,10.0,0.3545546285955596,,,clip
text_lr_traditional_only,2,data/dementia/Antony Flew/antonyflew_5_1.wav,Antony Flew,1,5.0,0.35030983565504054,,,clip
text_lr_traditional_only,2,data/dementia/Antony Flew/antonyflew_5_2.wav,Antony Flew,1,5.0,0.43162704539113833,,,clip
text_lr_traditional_only,2,data/dementia/Bill Buckner/BillBuckner_10.wav,Bill Buckner,1,10.0,0.29902502011266957,,,clip
text_lr_traditional_only,2,data/dementia/Bill Buckner/BillBuckner_15.wav,Bill Buckner,1,15.0,0.2659712349969822,,,clip
text_lr_traditional_only,2,data/dementia/Bill Buckner/BillBuckner_5.wav,Bill Buckner,1,5.0,0.2672989498573893,,,clip
text_lr_traditional_only,2,data/nodementia/Charlie Watts/CharlieWatts_1.wav,Charlie Watts,0,,0.2868317897117666,,,clip
text_lr_traditional_only,2,data/nodementia/Charlie Watts/CharlieWatts_3.wav,Charlie Watts,0,,0.19324681002054134,,,clip
text_lr_traditional_only,2,data/nodementia/Derek Jacobi/DerekJacobi_1.wav,Derek Jacobi,0,,0.26072066237309127,,,clip
text_lr_traditional_only,2,data/nodementia/Derek Jacobi/DerekJacobi_3.wav,Derek Jacobi,0,,0.47502444298730756,,,clip
text_lr_traditional_only,2,data/nodementia/Dick van Dyke/dick van dyke_1.wav,Dick van Dyke,0,,0.23961882572349413,,,clip
text_lr_traditional_only,2,data/nodementia/Dick van Dyke/dick van dyke_3.wav,Dick van Dyke,0,,0.2836553892240592,,,clip
text_lr_traditional_only,2,data/nodementia/Dominic Chianese/DominicChianese_3.wav,Dominic Chianese,0,,0.1940839779696144,,,clip
text_lr_traditional_only,2,data/dementia/Estelle Getty/EstelleGetty_15.wav,Estelle Getty,1,15.0,0.24474486138936857,,,clip
text_lr_traditional_only,2,data/nodementia/Gene Hackman/GeneHackman_1.wav,Gene Hackman,0,,0.27098895085614655,,,clip
text_lr_traditional_only,2,data/nodementia/Gene Hackman/GeneHackman_2.wav,Gene Hackman,0,,0.2544903193075877,,,clip
text_lr_traditional_only,2,data/nodementia/Gene Hackman/GeneHackman_3.wav,Gene Hackman,0,,0.29723119355958016,,,clip
text_lr_traditional_only,2,data/nodementia/George A Romero/GeorgeARomero_1.wav,George A Romero,0,,0.2577511585667206,,,clip
text_lr_traditional_only,2,data/nodementia/George A Romero/GeorgeARomero_2.wav,George A Romero,0,,0.1921144946067949,,,clip
text_lr_traditional_only,2,data/nodementia/George A Romero/GeorgeARomero_3.wav,George A Romero,0,,0.26804796354191274,,,clip
text_lr_traditional_only,2,data/nodementia/George Clinton/GeorgeClinton_1.wav,George Clinton,0,,0.29042357762527726,,,clip
text_lr_traditional_only,2,data/nodementia/George Clinton/GeorgeClinton_2.wav,George Clinton,0,,0.2793534886366018,,,clip
text_lr_traditional_only,2,data/nodementia/George Clinton/GeorgeClinton_3.wav,George Clinton,0,,0.26160220645767107,,,clip
text_lr_traditional_only,2,data/dementia/George Robb/georgerobb_10.wav,George Robb,1,10.0,0.4759111081768811,,,clip
text_lr_traditional_only,2,data/nodementia/Harry Belafonte/HarryBelafonte_1.wav,Harry Belafonte,0,,0.3103363221654981,,,clip
text_lr_traditional_only,2,data/nodementia/Harry Belafonte/HarryBelafonte_2.wav,Harry Belafonte,0,,0.30912591459651173,,,clip
text_lr_traditional_only,2,data/nodementia/Harry Belafonte/HarryBelafonte_3.wav,Harry Belafonte,0,,0.35106146136720257,,,clip
text_lr_traditional_only,2,data/dementia/Ian McCaskill/ianmccaskill_15.wav,Ian McCaskill,1,15.0,0.36948501288763375,,,clip
text_lr_traditional_only,2,data/dementia/Iris Murdoch/IrisMurdoch_10.wav,Iris Murdoch,1,10.0,0.4255035497689944,,,clip
text_lr_traditional_only,2,data/dementia/Iris Murdoch/IrisMurdoch_5.wav,Iris Murdoch,1,5.0,0.48701625958978656,,,clip
text_lr_traditional_only,2,data/nodementia/James Caan/JamesCaan_1.wav,James Caan,0,,0.2668997227341768,,,clip
text_lr_traditional_only,2,data/nodementia/James Caan/JamesCaan_2.wav,James Caan,0,,0.22517048346728163,,,clip
text_lr_traditional_only,2,data/nodementia/James Caan/JamesCaan_3.wav,James Caan,0,,0.23514005967084467,,,clip
text_lr_traditional_only,2,data/nodementia/Jimmy Carter/Jimmy carter_2.wav,Jimmy Carter,0,,0.3030270610135587,,,clip
text_lr_traditional_only,2,data/nodementia/Jimmy Carter/Jimmy carter_3.wav,Jimmy Carter,0,,0.23658211338935675,,,clip
text_lr_traditional_only,2,data/dementia/Jimmy Fratianno/JimmyFratianno_0.wav,Jimmy Fratianno,1,0.0,0.25934260820150973,,,clip
text_lr_traditional_only,2,data/dementia/Joe Conley/JoeConley_0.wav,Joe Conley,1,0.0,0.2820173892946099,,,clip
text_lr_traditional_only,2,data/nodementia/Joe Pesci/JoePesci_1.wav,Joe Pesci,0,,0.23109619109018145,,,clip
text_lr_traditional_only,2,data/nodementia/Joe Pesci/JoePesci_2.wav,Joe Pesci,0,,0.21262495888123684,,,clip
text_lr_traditional_only,2,data/nodementia/Joe Pesci/JoePesci_3.wav,Joe Pesci,0,,0.24757226141156852,,,clip
text_lr_traditional_only,2,data/nodementia/Johnny Mathis/Johnny Mathis_2.wav,Johnny Mathis,0,,0.31644838292644367,,,clip
text_lr_traditional_only,2,data/nodementia/Johnny Mathis/JohnnyMathis_3.wav,Johnny Mathis,0,,0.29976932974718307,,,clip
text_lr_traditional_only,2,data/nodementia/Lee Majors/LeeMajors_2.wav,Lee Majors,0,,0.28750831434705126,,,clip
text_lr_traditional_only,2,data/nodementia/Lee Majors/LeeMajors_3.wav,Lee Majors,0,,0.24316882633453094,,,clip
text_lr_traditional_only,2,data/nodementia/Line Renaud/LineRenaud_1.wav,Line Renaud,0,,0.46691684378946496,,,clip
text_lr_traditional_only,2,data/nodementia/Line Renaud/LineRenaud_3.wav,Line Renaud,0,,0.38806442933953056,,,clip
text_lr_traditional_only,2,data/nodementia/Martin Scorsese/MartinScorsese_1.wav,Martin Scorsese,0,,0.27092118073727417,,,clip
text_lr_traditional_only,2,data/nodementia/Martin Scorsese/MartinScorsese_2.wav,Martin Scorsese,0,,0.31045099643720026,,,clip
text_lr_traditional_only,2,data/nodementia/Martin Scorsese/MartinScorsese_3.wav,Martin Scorsese,0,,0.28217661092424884,,,clip
text_lr_traditional_only,2,data/nodementia/Mel brooks/Mel brooks_1.wav,Mel brooks,0,,0.2196410345951251,,,clip
text_lr_traditional_only,2,data/nodementia/Mel brooks/Mel brooks_2.wav,Mel brooks,0,,0.25439829116522183,,,clip
text_lr_traditional_only,2,data/nodementia/Mel brooks/Mel brooks_3.wav,Mel brooks,0,,0.2548195927194714,,,clip
text_lr_traditional_only,2,data/nodementia/Merle Haggard/MerleHaggard_1.wav,Merle Haggard,0,,0.29472011322188096,,,clip
text_lr_traditional_only,2,data/nodementia/Merle Haggard/MerleHaggard_2.wav,Merle Haggard,0,,0.2783198925654112,,,clip
text_lr_traditional_only,2,data/nodementia/Merle Haggard/MerleHaggard_3.wav,Merle Haggard,0,,0.2799337772129792,,,clip
text_lr_traditional_only,2,data/dementia/Pat Pariseau/patpariseau_10_1.wav,Pat Pariseau,1,10.0,0.2522404058777897,,,clip
text_lr_traditional_only,2,data/dementia/Pat Pariseau/patpariseau_10_2.wav,Pat Pariseau,1,10.0,0.29222935340581896,,,clip
text_lr_traditional_only,2,data/nodementia/Patrick Stewart/Patrick Stewart_1.wav,Patrick Stewart,0,,0.27229397258049853,,,clip
text_lr_traditional_only,2,data/nodementia/Patrick Stewart/Patrick Stewart_2.wav,Patrick Stewart,0,,0.49143311751231317,,,clip
text_lr_traditional_only,2,data/nodementia/Patrick Stewart/Patrick Stewart_3.wav,Patrick Stewart,0,,0.3178588421866891,,,clip
text_lr_traditional_only,2,data/nodementia/Paul Michael Glaser/PaulMichaelGlaser_1.wav,Paul Michael Glaser,0,,0.254036275686222,,,clip
text_lr_traditional_only,2,data/nodementia/Paul Michael Glaser/PaulMichaelGlaser_3.wav,Paul Michael Glaser,0,,0.24208069381067715,,,clip
text_lr_traditional_only,2,data/nodementia/Raquel Welch/RaquelWelch_1.wav,Raquel Welch,0,,0.2514492989726828,,,clip
text_lr_traditional_only,2,data/nodementia/Raquel Welch/RaquelWelch_2.wav,Raquel Welch,0,,0.3239946692750657,,,clip
text_lr_traditional_only,2,data/nodementia/Raquel Welch/RaquelWelch_3.wav,Raquel Welch,0,,0.23697389402302807,,,clip
text_lr_traditional_only,2,data/nodementia/Ridley Scott/RidleyScott_1.wav,Ridley Scott,0,,0.24309885137649465,,,clip
text_lr_traditional_only,2,data/nodementia/Ridley Scott/RidleyScott_2.wav,Ridley Scott,0,,0.2950758360879747,,,clip
text_lr_traditional_only,2,data/nodementia/Ridley Scott/RidleyScott_3.wav,Ridley Scott,0,,0.30594523847718175,,,clip
text_lr_traditional_only,2,data/nodementia/Robert De Niro/RobertDeNiro_1.wav,Robert De Niro,0,,0.23835886088838798,,,clip
text_lr_traditional_only,2,data/nodementia/Robert De Niro/RobertDeNiro_2.wav,Robert De Niro,0,,0.24788893261061903,,,clip
text_lr_traditional_only,2,data/nodementia/Robert De Niro/RobertDeNiro_3.wav,Robert De Niro,0,,0.21851878974772437,,,clip
text_lr_traditional_only,2,data/nodementia/Robert Duvall/RobertDuvall_1.wav,Robert Duvall,0,,0.2783307405456536,,,clip
text_lr_traditional_only,2,data/nodementia/Robert Duvall/RobertDuvall_2.wav,Robert Duvall,0,,0.24111598518321342,,,clip
text_lr_traditional_only,2,data/nodementia/Robert Duvall/RobertDuvall_3.wav,Robert Duvall,0,,0.3126719719351786,,,clip
text_lr_traditional_only,2,data/nodementia/Robert Wagner/RobertWagner_2.wav,Robert Wagner,0,,0.36673434329816784,,,clip
text_lr_traditional_only,2,data/nodementia/Robert Wagner/RobertWagner_3.wav,Robert Wagner,0,,0.21389510756509322,,,clip
text_lr_traditional_only,2,data/dementia/Robin Williams/RobinWilliams_0.wav,Robin Williams,1,0.0,0.27322746941656717,,,clip
text_lr_traditional_only,2,data/dementia/Ronan O_Rahilly/ronano_rahilly_15_1.wav,Ronan O_Rahilly,1,15.0,0.270769309103536,,,clip
text_lr_traditional_only,2,data/dementia/Ronan O_Rahilly/ronano_rahilly_15_2.wav,Ronan O_Rahilly,1,15.0,0.3537592055341162,,,clip
text_lr_traditional_only,2,data/nodementia/Rosalynn Carter/RosalynnCarter_1.wav,Rosalynn Carter,0,,0.19207592396250764,,,clip
text_lr_traditional_only,2,data/nodementia/Rosalynn Carter/RosalynnCarter_2.wav,Rosalynn Carter,0,,0.27909237067107695,,,clip
text_lr_traditional_only,2,data/nodementia/Rosalynn Carter/RosalynnCarter_3.wav,Rosalynn Carter,0,,0.3544439613437781,,,clip
text_lr_traditional_only,2,data/dementia/Terry Jones/terryjones_5.wav,Terry Jones,1,5.0,0.29372891029259324,,,clip
text_lr_traditional_only,2,data/dementia/Tony Parkes/TonyParkes_10.wav,Tony Parkes,1,10.0,0.43455082853691746,,,clip
text_lr_traditional_only,2,data/dementia/Tony Parkes/TonyParkes_5.wav,Tony Parkes,1,5.0,0.45816943969754714,,,clip
text_lr_traditional_only,2,data/dementia/Trevor Peacock/TrevorPeacock_5.wav,Trevor Peacock,1,5.0,0.309162131495057,,,clip
text_lr_traditional_only,2,data/nodementia/Vangelis/Vangelis_3.wav,Vangelis,0,,0.26657863932727566,,,clip
text_lr_traditional_only,2,,Alan Ramsey,1,10.0,0.2893440518197143,,,speaker
text_lr_traditional_only,2,,Andrew Sachs,1,10.0,0.26178504144291337,,,speaker
text_lr_traditional_only,2,,Annette Michelson,1,15.0,0.33267482367727114,,,speaker
text_lr_traditional_only,2,,Antony Flew,1,5.0,0.3788305032139128,,,speaker
text_lr_traditional_only,2,,Bill Buckner,1,5.0,0.2774317349890137,,,speaker
text_lr_traditional_only,2,,Charlie Watts,0,,0.24003929986615397,,,speaker
text_lr_traditional_only,2,,Derek Jacobi,0,,0.3678725526801994,,,speaker
text_lr_traditional_only,2,,Dick van Dyke,0,,0.26163710747377666,,,speaker
text_lr_traditional_only,2,,Dominic Chianese,0,,0.1940839779696144,,,speaker
text_lr_traditional_only,2,,Estelle Getty,1,15.0,0.24474486138936857,,,speaker
text_lr_traditional_only,2,,Gene Hackman,0,,0.2742368212411048,,,speaker
text_lr_traditional_only,2,,George A Romero,0,,0.23930453890514272,,,speaker
text_lr_traditional_only,2,,George Clinton,0,,0.27712642423985007,,,speaker
text_lr_traditional_only,2,,George Robb,1,10.0,0.4759111081768811,,,speaker
text_lr_traditional_only,2,,Harry Belafonte,0,,0.3235078993764042,,,speaker
text_lr_traditional_only,2,,Ian McCaskill,1,15.0,0.36948501288763375,,,speaker
text_lr_traditional_only,2,,Iris Murdoch,1,5.0,0.4562599046793905,,,speaker
text_lr_traditional_only,2,,James Caan,0,,0.24240342195743436,,,speaker
text_lr_traditional_only,2,,Jimmy Carter,0,,0.2698045872014577,,,speaker
text_lr_traditional_only,2,,Jimmy Fratianno,1,0.0,0.25934260820150973,,,speaker
text_lr_traditional_only,2,,Joe Conley,1,0.0,0.2820173892946099,,,speaker
text_lr_traditional_only,2,,Joe Pesci,0,,0.23043113712766228,,,speaker
text_lr_traditional_only,2,,Johnny Mathis,0,,0.3081088563368134,,,speaker
text_lr_traditional_only,2,,Lee Majors,0,,0.2653385703407911,,,speaker
text_lr_traditional_only,2,,Line Renaud,0,,0.42749063656449776,,,speaker
text_lr_traditional_only,2,,Martin Scorsese,0,,0.2878495960329078,,,speaker
text_lr_traditional_only,2,,Mel brooks,0,,0.2429529728266061,,,speaker
text_lr_traditional_only,2,,Merle Haggard,0,,0.2843245943334238,,,speaker
text_lr_traditional_only,2,,Pat Pariseau,1,10.0,0.2722348796418043,,,speaker
text_lr_traditional_only,2,,Patrick Stewart,0,,0.36052864409316693,,,speaker
text_lr_traditional_only,2,,Paul Michael Glaser,0,,0.24805848474844958,,,speaker
text_lr_traditional_only,2,,Raquel Welch,0,,0.27080595409025887,,,speaker
text_lr_traditional_only,2,,Ridley Scott,0,,0.28137330864721705,,,speaker
text_lr_traditional_only,2,,Robert De Niro,0,,0.23492219441557713,,,speaker
text_lr_traditional_only,2,,Robert Duvall,0,,0.2773728992213485,,,speaker
text_lr_traditional_only,2,,Robert Wagner,0,,0.2903147254316305,,,speaker
text_lr_traditional_only,2,,Robin Williams,1,0.0,0.27322746941656717,,,speaker
text_lr_traditional_only,2,,Ronan O_Rahilly,1,15.0,0.3122642573188261,,,speaker
text_lr_traditional_only,2,,Rosalynn Carter,0,,0.27520408532578755,,,speaker
text_lr_traditional_only,2,,Terry Jones,1,5.0,0.29372891029259324,,,speaker
text_lr_traditional_only,2,,Tony Parkes,1,5.0,0.4463601341172323,,,speaker
text_lr_traditional_only,2,,Trevor Peacock,1,5.0,0.309162131495057,,,speaker
text_lr_traditional_only,2,,Vangelis,0,,0.26657863932727566,,,speaker
text_lr_novel_only,2,data/dementia/Alan Ramsey/alanramsey_10.wav,Alan Ramsey,1,10.0,0.28205847248288635,,,clip
text_lr_novel_only,2,data/dementia/Andrew Sachs/andrewsachs_10.wav,Andrew Sachs,1,10.0,0.24959977872225378,,,clip
text_lr_novel_only,2,data/dementia/Andrew Sachs/andrewsachs_15.wav,Andrew Sachs,1,15.0,0.27949590147440095,,,clip
text_lr_novel_only,2,data/dementia/Annette Michelson/annettemichelson_15.wav,Annette Michelson,1,15.0,0.30131361508184035,,,clip
text_lr_novel_only,2,data/dementia/Antony Flew/antonyflew_10.wav,Antony Flew,1,10.0,0.2731800121978867,,,clip
text_lr_novel_only,2,data/dementia/Antony Flew/antonyflew_5_1.wav,Antony Flew,1,5.0,0.3056423685082467,,,clip
text_lr_novel_only,2,data/dementia/Antony Flew/antonyflew_5_2.wav,Antony Flew,1,5.0,0.47460634794110257,,,clip
text_lr_novel_only,2,data/dementia/Bill Buckner/BillBuckner_10.wav,Bill Buckner,1,10.0,0.26967384832023883,,,clip
text_lr_novel_only,2,data/dementia/Bill Buckner/BillBuckner_15.wav,Bill Buckner,1,15.0,0.23870278062073233,,,clip
text_lr_novel_only,2,data/dementia/Bill Buckner/BillBuckner_5.wav,Bill Buckner,1,5.0,0.2663052420135111,,,clip
text_lr_novel_only,2,data/nodementia/Charlie Watts/CharlieWatts_1.wav,Charlie Watts,0,,0.2777338982282302,,,clip
text_lr_novel_only,2,data/nodementia/Charlie Watts/CharlieWatts_3.wav,Charlie Watts,0,,0.2596496840633657,,,clip
text_lr_novel_only,2,data/nodementia/Derek Jacobi/DerekJacobi_1.wav,Derek Jacobi,0,,0.2830218792297414,,,clip
text_lr_novel_only,2,data/nodementia/Derek Jacobi/DerekJacobi_3.wav,Derek Jacobi,0,,0.5457863662780434,,,clip
text_lr_novel_only,2,data/nodementia/Dick van Dyke/dick van dyke_1.wav,Dick van Dyke,0,,0.26905185029658935,,,clip
text_lr_novel_only,2,data/nodementia/Dick van Dyke/dick van dyke_3.wav,Dick van Dyke,0,,0.2814465442642297,,,clip
text_lr_novel_only,2,data/nodementia/Dominic Chianese/DominicChianese_3.wav,Dominic Chianese,0,,0.25756244842645076,,,clip
text_lr_novel_only,2,data/dementia/Estelle Getty/EstelleGetty_15.wav,Estelle Getty,1,15.0,0.2893969419335969,,,clip
text_lr_novel_only,2,data/nodementia/Gene Hackman/GeneHackman_1.wav,Gene Hackman,0,,0.2630289572933493,,,clip
text_lr_novel_only,2,data/nodementia/Gene Hackman/GeneHackman_2.wav,Gene Hackman,0,,0.26412607519602926,,,clip
text_lr_novel_only,2,data/nodementia/Gene Hackman/GeneHackman_3.wav,Gene Hackman,0,,0.2746878937231501,,,clip
text_lr_novel_only,2,data/nodementia/George A Romero/GeorgeARomero_1.wav,George A Romero,0,,0.26188460361344856,,,clip
text_lr_novel_only,2,data/nodementia/George A Romero/GeorgeARomero_2.wav,George A Romero,0,,0.2512183408434019,,,clip
text_lr_novel_only,2,data/nodementia/George A Romero/GeorgeARomero_3.wav,George A Romero,0,,0.3068533946036152,,,clip
text_lr_novel_only,2,data/nodementia/George Clinton/GeorgeClinton_1.wav,George Clinton,0,,0.32800718095839,,,clip
text_lr_novel_only,2,data/nodementia/George Clinton/GeorgeClinton_2.wav,George Clinton,0,,0.3098639995630976,,,clip
text_lr_novel_only,2,data/nodementia/George Clinton/GeorgeClinton_3.wav,George Clinton,0,,0.2778398189874572,,,clip
text_lr_novel_only,2,data/dementia/George Robb/georgerobb_10.wav,George Robb,1,10.0,0.5141975139034121,,,clip
text_lr_novel_only,2,data/nodementia/Harry Belafonte/HarryBelafonte_1.wav,Harry Belafonte,0,,0.26824806766881504,,,clip
text_lr_novel_only,2,data/nodementia/Harry Belafonte/HarryBelafonte_2.wav,Harry Belafonte,0,,0.2647020911052024,,,clip
text_lr_novel_only,2,data/nodementia/Harry Belafonte/HarryBelafonte_3.wav,Harry Belafonte,0,,0.32653756707947146,,,clip
text_lr_novel_only,2,data/dementia/Ian McCaskill/ianmccaskill_15.wav,Ian McCaskill,1,15.0,0.32453019727222776,,,clip
text_lr_novel_only,2,data/dementia/Iris Murdoch/IrisMurdoch_10.wav,Iris Murdoch,1,10.0,0.3664010584159089,,,clip
text_lr_novel_only,2,data/dementia/Iris Murdoch/IrisMurdoch_5.wav,Iris Murdoch,1,5.0,0.5542774301859758,,,clip
text_lr_novel_only,2,data/nodementia/James Caan/JamesCaan_1.wav,James Caan,0,,0.3306995686659301,,,clip
text_lr_novel_only,2,data/nodementia/James Caan/JamesCaan_2.wav,James Caan,0,,0.2606856578202058,,,clip
text_lr_novel_only,2,data/nodementia/James Caan/JamesCaan_3.wav,James Caan,0,,0.25951293293456557,,,clip
text_lr_novel_only,2,data/nodementia/Jimmy Carter/Jimmy carter_2.wav,Jimmy Carter,0,,0.2763392609962422,,,clip
text_lr_novel_only,2,data/nodementia/Jimmy Carter/Jimmy carter_3.wav,Jimmy Carter,0,,0.2661963969017399,,,clip
text_lr_novel_only,2,data/dementia/Jimmy Fratianno/JimmyFratianno_0.wav,Jimmy Fratianno,1,0.0,0.27503312370895533,,,clip
text_lr_novel_only,2,data/dementia/Joe Conley/JoeConley_0.wav,Joe Conley,1,0.0,0.23359357475808623,,,clip
text_lr_novel_only,2,data/nodementia/Joe Pesci/JoePesci_1.wav,Joe Pesci,0,,0.26257852653947916,,,clip
text_lr_novel_only,2,data/nodementia/Joe Pesci/JoePesci_2.wav,Joe Pesci,0,,0.25645594012538747,,,clip
text_lr_novel_only,2,data/nodementia/Joe Pesci/JoePesci_3.wav,Joe Pesci,0,,0.23227738755685878,,,clip
text_lr_novel_only,2,data/nodementia/Johnny Mathis/Johnny Mathis_2.wav,Johnny Mathis,0,,0.2983962645595844,,,clip
text_lr_novel_only,2,data/nodementia/Johnny Mathis/JohnnyMathis_3.wav,Johnny Mathis,0,,0.2699635647580861,,,clip
text_lr_novel_only,2,data/nodementia/Lee Majors/LeeMajors_2.wav,Lee Majors,0,,0.32270301113245653,,,clip
text_lr_novel_only,2,data/nodementia/Lee Majors/LeeMajors_3.wav,Lee Majors,0,,0.2704004395363803,,,clip
text_lr_novel_only,2,data/nodementia/Line Renaud/LineRenaud_1.wav,Line Renaud,0,,0.3286508883718731,,,clip
text_lr_novel_only,2,data/nodementia/Line Renaud/LineRenaud_3.wav,Line Renaud,0,,0.3566679105218821,,,clip
text_lr_novel_only,2,data/nodementia/Martin Scorsese/MartinScorsese_1.wav,Martin Scorsese,0,,0.25102139964938935,,,clip
text_lr_novel_only,2,data/nodementia/Martin Scorsese/MartinScorsese_2.wav,Martin Scorsese,0,,0.2843024021678815,,,clip
text_lr_novel_only,2,data/nodementia/Martin Scorsese/MartinScorsese_3.wav,Martin Scorsese,0,,0.26184817884554235,,,clip
text_lr_novel_only,2,data/nodementia/Mel brooks/Mel brooks_1.wav,Mel brooks,0,,0.26086123572272935,,,clip
text_lr_novel_only,2,data/nodementia/Mel brooks/Mel brooks_2.wav,Mel brooks,0,,0.2765849219198097,,,clip
text_lr_novel_only,2,data/nodementia/Mel brooks/Mel brooks_3.wav,Mel brooks,0,,0.2619086924806509,,,clip
text_lr_novel_only,2,data/nodementia/Merle Haggard/MerleHaggard_1.wav,Merle Haggard,0,,0.4400301234605608,,,clip
text_lr_novel_only,2,data/nodementia/Merle Haggard/MerleHaggard_2.wav,Merle Haggard,0,,0.30199124091335094,,,clip
text_lr_novel_only,2,data/nodementia/Merle Haggard/MerleHaggard_3.wav,Merle Haggard,0,,0.2695127517241143,,,clip
text_lr_novel_only,2,data/dementia/Pat Pariseau/patpariseau_10_1.wav,Pat Pariseau,1,10.0,0.2549161968431417,,,clip
text_lr_novel_only,2,data/dementia/Pat Pariseau/patpariseau_10_2.wav,Pat Pariseau,1,10.0,0.2611115723880888,,,clip
text_lr_novel_only,2,data/nodementia/Patrick Stewart/Patrick Stewart_1.wav,Patrick Stewart,0,,0.3001862434988479,,,clip
text_lr_novel_only,2,data/nodementia/Patrick Stewart/Patrick Stewart_2.wav,Patrick Stewart,0,,0.5548301106214557,,,clip
text_lr_novel_only,2,data/nodementia/Patrick Stewart/Patrick Stewart_3.wav,Patrick Stewart,0,,0.2828316194990443,,,clip
text_lr_novel_only,2,data/nodementia/Paul Michael Glaser/PaulMichaelGlaser_1.wav,Paul Michael Glaser,0,,0.25381770386146346,,,clip
text_lr_novel_only,2,data/nodementia/Paul Michael Glaser/PaulMichaelGlaser_3.wav,Paul Michael Glaser,0,,0.2779170867648663,,,clip
text_lr_novel_only,2,data/nodementia/Raquel Welch/RaquelWelch_1.wav,Raquel Welch,0,,0.2626530009198658,,,clip
text_lr_novel_only,2,data/nodementia/Raquel Welch/RaquelWelch_2.wav,Raquel Welch,0,,0.3232772178009638,,,clip
text_lr_novel_only,2,data/nodementia/Raquel Welch/RaquelWelch_3.wav,Raquel Welch,0,,0.23322610609346756,,,clip
text_lr_novel_only,2,data/nodementia/Ridley Scott/RidleyScott_1.wav,Ridley Scott,0,,0.2636818893409575,,,clip
text_lr_novel_only,2,data/nodementia/Ridley Scott/RidleyScott_2.wav,Ridley Scott,0,,0.2914928463970708,,,clip
text_lr_novel_only,2,data/nodementia/Ridley Scott/RidleyScott_3.wav,Ridley Scott,0,,0.28223126161224876,,,clip
text_lr_novel_only,2,data/nodementia/Robert De Niro/RobertDeNiro_1.wav,Robert De Niro,0,,0.273150195020369,,,clip
text_lr_novel_only,2,data/nodementia/Robert De Niro/RobertDeNiro_2.wav,Robert De Niro,0,,0.26879177089441214,,,clip
text_lr_novel_only,2,data/nodementia/Robert De Niro/RobertDeNiro_3.wav,Robert De Niro,0,,0.37806303704372435,,,clip
text_lr_novel_only,2,data/nodementia/Robert Duvall/RobertDuvall_1.wav,Robert Duvall,0,,0.2719426975048522,,,clip
text_lr_novel_only,2,data/nodementia/Robert Duvall/RobertDuvall_2.wav,Robert Duvall,0,,0.26634533251105313,,,clip
text_lr_novel_only,2,data/nodementia/Robert Duvall/RobertDuvall_3.wav,Robert Duvall,0,,0.25989412752702606,,,clip
text_lr_novel_only,2,data/nodementia/Robert Wagner/RobertWagner_2.wav,Robert Wagner,0,,0.2986587855541095,,,clip
text_lr_novel_only,2,data/nodementia/Robert Wagner/RobertWagner_3.wav,Robert Wagner,0,,0.2580306006308355,,,clip
text_lr_novel_only,2,data/dementia/Robin Williams/RobinWilliams_0.wav,Robin Williams,1,0.0,0.2558430618405975,,,clip
text_lr_novel_only,2,data/dementia/Ronan O_Rahilly/ronano_rahilly_15_1.wav,Ronan O_Rahilly,1,15.0,0.31577325435466136,,,clip
text_lr_novel_only,2,data/dementia/Ronan O_Rahilly/ronano_rahilly_15_2.wav,Ronan O_Rahilly,1,15.0,0.3190974096118763,,,clip
text_lr_novel_only,2,data/nodementia/Rosalynn Carter/RosalynnCarter_1.wav,Rosalynn Carter,0,,0.2692733650687076,,,clip
text_lr_novel_only,2,data/nodementia/Rosalynn Carter/RosalynnCarter_2.wav,Rosalynn Carter,0,,0.28813736159279996,,,clip
text_lr_novel_only,2,data/nodementia/Rosalynn Carter/RosalynnCarter_3.wav,Rosalynn Carter,0,,0.41502025461219866,,,clip
text_lr_novel_only,2,data/dementia/Terry Jones/terryjones_5.wav,Terry Jones,1,5.0,0.2719439111824041,,,clip
text_lr_novel_only,2,data/dementia/Tony Parkes/TonyParkes_10.wav,Tony Parkes,1,10.0,0.5280519252813067,,,clip
text_lr_novel_only,2,data/dementia/Tony Parkes/TonyParkes_5.wav,Tony Parkes,1,5.0,0.5462425298245915,,,clip
text_lr_novel_only,2,data/dementia/Trevor Peacock/TrevorPeacock_5.wav,Trevor Peacock,1,5.0,0.2761962640431662,,,clip
text_lr_novel_only,2,data/nodementia/Vangelis/Vangelis_3.wav,Vangelis,0,,0.2763441216250058,,,clip
text_lr_novel_only,2,,Alan Ramsey,1,10.0,0.28205847248288635,,,speaker
text_lr_novel_only,2,,Andrew Sachs,1,10.0,0.2645478400983274,,,speaker
text_lr_novel_only,2,,Annette Michelson,1,15.0,0.30131361508184035,,,speaker
text_lr_novel_only,2,,Antony Flew,1,5.0,0.3511429095490786,,,speaker
text_lr_novel_only,2,,Bill Buckner,1,5.0,0.2582272903181608,,,speaker
text_lr_novel_only,2,,Charlie Watts,0,,0.26869179114579794,,,speaker
text_lr_novel_only,2,,Derek Jacobi,0,,0.41440412275389243,,,speaker
text_lr_novel_only,2,,Dick van Dyke,0,,0.27524919728040953,,,speaker
text_lr_novel_only,2,,Dominic Chianese,0,,0.25756244842645076,,,speaker
text_lr_novel_only,2,,Estelle Getty,1,15.0,0.2893969419335969,,,speaker
text_lr_novel_only,2,,Gene Hackman,0,,0.2672809754041762,,,speaker
text_lr_novel_only,2,,George A Romero,0,,0.2733187796868219,,,speaker
text_lr_novel_only,2,,George Clinton,0,,0.3052369998363149,,,speaker
text_lr_novel_only,2,,George Robb,1,10.0,0.5141975139034121,,,speaker
text_lr_novel_only,2,,Harry Belafonte,0,,0.28649590861782964,,,speaker
text_lr_novel_only,2,,Ian McCaskill,1,15.0,0.32453019727222776,,,speaker
text_lr_novel_only,2,,Iris Murdoch,1,5.0,0.4603392443009423,,,speaker
text_lr_novel_only,2,,James Caan,0,,0.28363271980690047,,,speaker
text_lr_novel_only,2,,Jimmy Carter,0,,0.27126782894899104,,,speaker
text_lr_novel_only,2,,Jimmy Fratianno,1,0.0,0.27503312370895533,,,speaker
text_lr_novel_only,2,,Joe Conley,1,0.0,0.23359357475808623,,,speaker
text_lr_novel_only,2,,Joe Pesci,0,,0.25043728474057514,,,speaker
text_lr_novel_only,2,,Johnny Mathis,0,,0.28417991465883524,,,speaker
text_lr_novel_only,2,,Lee Majors,0,,0.2965517253344184,,,speaker
text_lr_novel_only,2,,Line Renaud,0,,0.3426593994468776,,,speaker
text_lr_novel_only,2,,Martin Scorsese,0,,0.26572399355427107,,,speaker
text_lr_novel_only,2,,Mel brooks,0,,0.26645161670773,,,speaker
text_lr_novel_only,2,,Merle Haggard,0,,0.337178038699342,,,speaker
text_lr_novel_only,2,,Pat Pariseau,1,10.0,0.25801388461561525,,,speaker
text_lr_novel_only,2,,Patrick Stewart,0,,0.37928265787311594,,,speaker
text_lr_novel_only,2,,Paul Michael Glaser,0,,0.2658673953131649,,,speaker
text_lr_novel_only,2,,Raquel Welch,0,,0.2730521082714324,,,speaker
text_lr_novel_only,2,,Ridley Scott,0,,0.2791353324500923,,,speaker
text_lr_novel_only,2,,Robert De Niro,0,,0.30666833431950186,,,speaker
text_lr_novel_only,2,,Robert Duvall,0,,0.2660607191809771,,,speaker
text_lr_novel_only,2,,Robert Wagner,0,,0.2783446930924725,,,speaker
text_lr_novel_only,2,,Robin Williams,1,0.0,0.2558430618405975,,,speaker
text_lr_novel_only,2,,Ronan O_Rahilly,1,15.0,0.31743533198326884,,,speaker
text_lr_novel_only,2,,Rosalynn Carter,0,,0.3241436604245687,,,speaker
text_lr_novel_only,2,,Terry Jones,1,5.0,0.2719439111824041,,,speaker
text_lr_novel_only,2,,Tony Parkes,1,5.0,0.5371472275529492,,,speaker
text_lr_novel_only,2,,Trevor Peacock,1,5.0,0.2761962640431662,,,speaker
text_lr_novel_only,2,,Vangelis,0,,0.2763441216250058,,,speaker
text_lr_no_entropy,3,data/dementia/Abe Burrows/AbeBurrows_5.wav,Abe Burrows,1,5.0,0.21649001443039792,,,clip
text_lr_no_entropy,3,data/nodementia/Al Pacino/AlPacino_1.wav,Al Pacino,0,,0.13293490926328927,,,clip
text_lr_no_entropy,3,data/nodementia/Al Pacino/AlPacino_2.wav,Al Pacino,0,,0.27918586185176686,,,clip
text_lr_no_entropy,3,data/nodementia/Al Pacino/AlPacino_3.wav,Al Pacino,0,,0.22813173416781143,,,clip
text_lr_no_entropy,3,data/nodementia/Angelo Badalamenti/AngeloBadalamenti_1.wav,Angelo Badalamenti,0,,0.33480974782880063,,,clip
text_lr_no_entropy,3,data/nodementia/Angelo Badalamenti/AngeloBadalamenti_2.wav,Angelo Badalamenti,0,,0.5258523633352752,,,clip
text_lr_no_entropy,3,data/nodementia/Angelo Badalamenti/AngeloBadalamenti_3.wav,Angelo Badalamenti,0,,0.27715708196404343,,,clip
text_lr_no_entropy,3,data/nodementia/Anthony Hopkins/AnthonyHopkins_1.wav,Anthony Hopkins,0,,0.18723581833774822,,,clip
text_lr_no_entropy,3,data/nodementia/Anthony Hopkins/AnthonyHopkins_2.wav,Anthony Hopkins,0,,0.2075722297097511,,,clip
text_lr_no_entropy,3,data/nodementia/Anthony Hopkins/AnthonyHopkins_3.wav,Anthony Hopkins,0,,0.27708318931909165,,,clip
text_lr_no_entropy,3,data/dementia/B B King/bbking_0.wav,B B King,1,0.0,0.29679284876208556,,,clip
text_lr_no_entropy,3,data/dementia/B B King/bbking_10.wav,B B King,1,10.0,0.2416058134938775,,,clip
text_lr_no_entropy,3,data/dementia/B B King/bbking_15.wav,B B King,1,15.0,0.2516949680946324,,,clip
text_lr_no_entropy,3,data/dementia/Bobby Womack/BobbyWomack_0.wav,Bobby Womack,1,0.0,0.23628149674532908,,,clip
text_lr_no_entropy,3,data/nodementia/Brian De Palma/BrianDePalma_1.wav,Brian De Palma,0,,0.36787453951102494,,,clip
text_lr_no_entropy,3,data/nodementia/Brian De Palma/BrianDePalma_2.wav,Brian De Palma,0,,0.3293846537350149,,,clip
text_lr_no_entropy,3,data/nodementia/Brian De Palma/BrianDePalma_3.wav,Brian De Palma,0,,0.23649745649716294,,,clip
text_lr_no_entropy,3,data/nodementia/Buddy Guy/BuddyGuy_2.wav,Buddy Guy,0,,0.12610644397805237,,,clip
text_lr_no_entropy,3,data/nodementia/Buddy Guy/BuddyGuy_3.wav,Buddy Guy,0,,0.22733570422436813,,,clip
text_lr_no_entropy,3,data/dementia/Charles Bronson/CharlesBronson_10.wav,Charles Bronson,1,10.0,0.30170594054055516,,,clip
text_lr_no_entropy,3,data/dementia/Charles Bronson/CharlesBronson_15.wav,Charles Bronson,1,15.0,0.4653255874044806,,,clip
text_lr_no_entropy,3,data/dementia/Dennis Moore/DennisMoore_5.wav,Dennis Moore,1,5.0,0.35642124800404124,,,clip
text_lr_no_entropy,3,data/nodementia/Dionne Warwick/DionneWarwick_1.wav,Dionne Warwick,0,,0.2225435202887652,,,clip
text_lr_no_entropy,3,data/nodementia/Dionne Warwick/DionneWarwick_3.wav,Dionne Warwick,0,,0.14106605211872236,,,clip
text_lr_no_entropy,3,data/nodementia/Dustin Hoffman/DustinHoffman_1.wav,Dustin Hoffman,0,,0.9333655763760736,,,clip
text_lr_no_entropy,3,data/nodementia/Dustin Hoffman/DustinHoffman_2.wav,Dustin Hoffman,0,,0.30336666133676293,,,clip
text_lr_no_entropy,3,data/nodementia/Dustin Hoffman/DustinHoffman_3.wav,Dustin Hoffman,0,,0.5644054064223469,,,clip
text_lr_no_entropy,3,data/dementia/Ernie Sigley/ErnieSigley_15.wav,Ernie Sigley,1,15.0,0.20929925221967033,,,clip
text_lr_no_entropy,3,data/dementia/Greg Fingers Taylor/GregFingersTaylor_10.wav,Greg Fingers Taylor,1,10.0,0.3023775729642207,,,clip
text_lr_no_entropy,3,data/dementia/Ian Holm/IanHolm_2.wav,Ian Holm,1,2.0,0.33350917019850657,,,clip
text_lr_no_entropy,3,data/nodementia/Jeanne Moreau/JeanneMoreau_1.wav,Jeanne Moreau,0,,0.17053247803785393,,,clip
text_lr_no_entropy,3,data/nodementia/Jeanne Moreau/JeanneMoreau_3.wav,Jeanne Moreau,0,,0.3229553733373543,,,clip
text_lr_no_entropy,3,data/dementia/Jim McLean/jimmclean_10.wav,Jim McLean,1,10.0,0.5960191726328498,,,clip
text_lr_no_entropy,3,data/dementia/Jim Neidhart/JimNeidhart_0.wav,Jim Neidhart,1,0.0,0.5158732245054273,,,clip
text_lr_no_entropy,3,data/dementia/Jim Neidhart/JimNeidhart_10.wav,Jim Neidhart,1,10.0,0.30108892256644954,,,clip
text_lr_no_entropy,3,data/dementia/Jim Neidhart/JimNeidhart_15.wav,Jim Neidhart,1,15.0,0.16396072768917747,,,clip
text_lr_no_entropy,3,data/nodementia/John Cleese/JohnCleese_1.wav,John Cleese,0,,0.2962353685196996,,,clip
text_lr_no_entropy,3,data/nodementia/John Cleese/JohnCleese_3.wav,John Cleese,0,,0.25279960139651975,,,clip
text_lr_no_entropy,3,data/dementia/Maureen Forrester/maureenforrester_5.wav,Maureen Forrester,1,5.0,0.2608608958758928,,,clip
text_lr_no_entropy,3,data/nodementia/Michael Caine/Michael Caine_1.wav,Michael Caine,0,,0.23199631123944886,,,clip
text_lr_no_entropy,3,data/nodementia/Michael Caine/Michael Caine_2.wav,Michael Caine,0,,0.1967574898725247,,,clip
text_lr_no_entropy,3,data/nodementia/Michael Caine/Michael Caine_3.wav,Michael Caine,0,,0.20182561012369332,,,clip
text_lr_no_entropy,3,data/nodementia/Michel Piccoli/MichelPiccoli_1.wav,Michel Piccoli,0,,0.433181850000821,,,clip
text_lr_no_entropy,3,data/nodementia/Michel Piccoli/MichelPiccoli_2.wav,Michel Piccoli,0,,0.46845904348841744,,,clip
text_lr_no_entropy,3,data/nodementia/Michel Piccoli/MichelPiccoli_3.wav,Michel Piccoli,0,,0.4879300061572045,,,clip
text_lr_no_entropy,3,data/nodementia/Milos Forman/MilosForman_1.wav,Milos Forman,0,,0.21562806305036242,,,clip
text_lr_no_entropy,3,data/nodementia/Milos Forman/MilosForman_2.wav,Milos Forman,0,,0.3048377744024798,,,clip
text_lr_no_entropy,3,data/nodementia/Milos Forman/MilosForman_3.wav,Milos Forman,0,,0.34304013948183104,,,clip
text_lr_no_entropy,3,data/nodementia/Mireille Darc/MireilleDarc_2.wav,Mireille Darc,0,,0.792373503815433,,,clip
text_lr_no_entropy,3,data/nodementia/Mireille Darc/MireilleDarc_3.wav,Mireille Darc,0,,0.36094055472149206,,,clip
text_lr_no_entropy,3,data/nodementia/Nick Nolte/NickNolte_1.wav,Nick Nolte,0,,0.26269255076651543,,,clip
text_lr_no_entropy,3,data/nodementia/Nick Nolte/NickNolte_2.wav,Nick Nolte,0,,0.26836447553173026,,,clip
text_lr_no_entropy,3,data/nodementia/Nick Nolte/NickNolte_3.wav,Nick Nolte,0,,0.1885154649467796,,,clip
text_lr_no_entropy,3,data/dementia/Omar Sharif/OmarSharif_0.wav,Omar Sharif,1,0.0,0.10133153340300886,,,clip
text_lr_no_entropy,3,data/dementia/Omar Sharif/OmarSharif_10.wav,Omar Sharif,1,10.0,0.2964192123642908,,,clip
text_lr_no_entropy,3,data/nodementia/Paul Verhoeven/PaulVerhoeven_1.wav,Paul Verhoeven,0,,0.22783047613355925,,,clip
text_lr_no_entropy,3,data/nodementia/Paul Verhoeven/PaulVerhoeven_3.wav,Paul Verhoeven,0,,0.588233617033734,,,clip
text_lr_no_entropy,3,data/dementia/Pauline Phillips/PaulinePhillips_10.wav,Pauline Phillips,1,10.0,0.25183530765885787,,,clip
text_lr_no_entropy,3,data/nodementia/Peter Lupus/PeterLupus_2.wav,Peter Lupus,0,,0.17051382955132513,,,clip
text_lr_no_entropy,3,data/nodementia/Philip Glass/PhilipGlass_1.wav,Philip Glass,0,,0.14590992834987862,,,clip
text_lr_no_entropy,3,data/nodementia/Philip Glass/PhilipGlass_2.wav,Philip Glass,0,,0.26076293802897565,,,clip
text_lr_no_entropy,3,data/nodementia/Philip Glass/PhilipGlass_3.wav,Philip Glass,0,,0.27557239263612676,,,clip
text_lr_no_entropy,3,data/dementia/Ralph Klein/ralphklein_5_1.wav,Ralph Klein,1,5.0,0.2506011078207821,,,clip
text_lr_no_entropy,3,data/dementia/Ralph Klein/ralphklein_5_2.wav,Ralph Klein,1,5.0,0.1709195227341147,,,clip
text_lr_no_entropy,3,data/nodementia/Ralph Lauren/RalphLauren_2.wav,Ralph Lauren,0,,0.21533499362940808,,,clip
text_lr_no_entropy,3,data/nodementia/Ralph Lauren/RalphLauren_3.wav,Ralph Lauren,0,,0.180559236178511,,,clip
text_lr_no_entropy,3,data/nodementia/Roger Moore/RogerMoore_1.wav,Roger Moore,0,,0.2912089625831125,,,clip
text_lr_no_entropy,3,data/nodementia/Roger Moore/RogerMoore_2.wav,Roger Moore,0,,0.5800332577824298,,,clip
text_lr_no_entropy,3,data/nodementia/Roger Moore/RogerMoore_3.wav,Roger Moore,0,,0.31796859978459124,,,clip
text_lr_no_entropy,3,data/nodementia/Rupert Murdoch/RupertMurdoch_1.wav,Rupert Murdoch,0,,0.33023207031989593,,,clip
text_lr_no_entropy,3,data/nodementia/Rupert Murdoch/RupertMurdoch_2.wav,Rupert Murdoch,0,,0.30803661938506843,,,clip
text_lr_no_entropy,3,data/nodementia/Rupert Murdoch/RupertMurdoch_3.wav,Rupert Murdoch,0,,0.3667984211925426,,,clip
text_lr_no_entropy,3,data/nodementia/Sam Waterston/SamWaterston_1.wav,Sam Waterston,0,,0.19622500648047303,,,clip
text_lr_no_entropy,3,data/nodementia/Sam Waterston/SamWaterston_3.wav,Sam Waterston,0,,0.1894071110296225,,,clip
text_lr_no_entropy,3,data/nodementia/Stan Lee/Stan Lee_1.wav,Stan Lee,0,,0.35739725623295615,,,clip
text_lr_no_entropy,3,data/nodementia/Stan Lee/Stan Lee_2.wav,Stan Lee,0,,0.35899619876075833,,,clip
text_lr_no_entropy,3,data/nodementia/Stan Lee/Stan Lee_3.wav,Stan Lee,0,,0.28153835475595074,,,clip
text_lr_no_entropy,3,data/dementia/Ted Turner/TedTurner_0.wav,Ted Turner,1,0.0,0.40993982789242994,,,clip
text_lr_no_entropy,3,data/dementia/Ted Turner/TedTurner_5.wav,Ted Turner,1,5.0,0.3627388529484923,,,clip
text_lr_no_entropy,3,data/dementia/Teresa Gorman/TeresaGorman_10.wav,Teresa Gorman,1,10.0,0.5979840048857675,,,clip
text_lr_no_entropy,3,data/nodementia/Terry Gilliam/TerryGilliam_1.wav,Terry Gilliam,0,,0.3093729401604831,,,clip
text_lr_no_entropy,3,data/nodementia/Terry Gilliam/TerryGilliam_2.wav,Terry Gilliam,0,,0.2648316365272518,,,clip
text_lr_no_entropy,3,data/nodementia/Terry Gilliam/TerryGilliam_3.wav,Terry Gilliam,0,,0.2883579671927962,,,clip
text_lr_no_entropy,3,data/nodementia/Terry Riley/TerryRiley_2.wav,Terry Riley,0,,0.4358668932547787,,,clip
text_lr_no_entropy,3,data/nodementia/Terry Riley/TerryRiley_3.wav,Terry Riley,0,,0.35421866938752555,,,clip
text_lr_no_entropy,3,data/dementia/Vampiro/Vampiro_0.wav,Vampiro,1,0.0,0.22598920017893565,,,clip
text_lr_no_entropy,3,data/dementia/Vampiro/Vampiro_5.wav,Vampiro,1,5.0,0.3614704406970992,,,clip
text_lr_no_entropy,3,data/dementia/Viv Nicholson/vivnicholson_5.wav,Viv Nicholson,1,5.0,0.48060744922736065,,,clip
text_lr_no_entropy,3,data/nodementia/Yoko Ono/YokoOno_1.wav,Yoko Ono,0,,0.2547372756123007,,,clip
text_lr_no_entropy,3,data/nodementia/Yoko Ono/YokoOno_2.wav,Yoko Ono,0,,0.1630039403201982,,,clip
text_lr_no_entropy,3,data/nodementia/Yoko Ono/YokoOno_3.wav,Yoko Ono,0,,0.20950386877050828,,,clip
text_lr_no_entropy,3,,Abe Burrows,1,5.0,0.21649001443039792,,,speaker
text_lr_no_entropy,3,,Al Pacino,0,,0.21341750176095586,,,speaker
text_lr_no_entropy,3,,Angelo Badalamenti,0,,0.37927306437603975,,,speaker
text_lr_no_entropy,3,,Anthony Hopkins,0,,0.22396374578886366,,,speaker
text_lr_no_entropy,3,,B B King,1,0.0,0.2633645434501985,,,speaker
text_lr_no_entropy,3,,Bobby Womack,1,0.0,0.23628149674532908,,,speaker
text_lr_no_entropy,3,,Brian De Palma,0,,0.3112522165810676,,,speaker
text_lr_no_entropy,3,,Buddy Guy,0,,0.17672107410121024,,,speaker
text_lr_no_entropy,3,,Charles Bronson,1,10.0,0.38351576397251785,,,speaker
text_lr_no_entropy,3,,Dennis Moore,1,5.0,0.35642124800404124,,,speaker
text_lr_no_entropy,3,,Dionne Warwick,0,,0.1818047862037438,,,speaker
text_lr_no_entropy,3,,Dustin Hoffman,0,,0.6003792147117278,,,speaker
text_lr_no_entropy,3,,Ernie Sigley,1,15.0,0.20929925221967033,,,speaker
text_lr_no_entropy,3,,Greg Fingers Taylor,1,10.0,0.3023775729642207,,,speaker
text_lr_no_entropy,3,,Ian Holm,1,2.0,0.33350917019850657,,,speaker
text_lr_no_entropy,3,,Jeanne Moreau,0,,0.24674392568760412,,,speaker
text_lr_no_entropy,3,,Jim McLean,1,10.0,0.5960191726328498,,,speaker
text_lr_no_entropy,3,,Jim Neidhart,1,0.0,0.32697429158701813,,,speaker
text_lr_no_entropy,3,,John Cleese,0,,0.2745174849581097,,,speaker
text_lr_no_entropy,3,,Maureen Forrester,1,5.0,0.2608608958758928,,,speaker
text_lr_no_entropy,3,,Michael Caine,0,,0.2101931370785556,,,speaker
text_lr_no_entropy,3,,Michel Piccoli,0,,0.4631902998821476,,,speaker
text_lr_no_entropy,3,,Milos Forman,0,,0.28783532564489106,,,speaker
text_lr_no_entropy,3,,Mireille Darc,0,,0.5766570292684625,,,speaker
text_lr_no_entropy,3,,Nick Nolte,0,,0.23985749708167511,,,speaker
text_lr_no_entropy,3,,Omar Sharif,1,0.0,0.19887537288364984,,,speaker
text_lr_no_entropy,3,,Paul Verhoeven,0,,0.4080320465836466,,,speaker
text_lr_no_entropy,3,,Pauline Phillips,1,10.0,0.25183530765885787,,,speaker
text_lr_no_entropy,3,,Peter Lupus,0,,0.17051382955132513,,,speaker
text_lr_no_entropy,3,,Philip Glass,0,,0.227415086338327,,,speaker
text_lr_no_entropy,3,,Ralph Klein,1,5.0,0.2107603152774484,,,speaker
text_lr_no_entropy,3,,Ralph Lauren,0,,0.19794711490395955,,,speaker
text_lr_no_entropy,3,,Roger Moore,0,,0.39640360671671115,,,speaker
text_lr_no_entropy,3,,Rupert Murdoch,0,,0.335022370299169,,,speaker
text_lr_no_entropy,3,,Sam Waterston,0,,0.19281605875504776,,,speaker
text_lr_no_entropy,3,,Stan Lee,0,,0.3326439365832217,,,speaker
text_lr_no_entropy,3,,Ted Turner,1,0.0,0.38633934042046114,,,speaker
text_lr_no_entropy,3,,Teresa Gorman,1,10.0,0.5979840048857675,,,speaker
text_lr_no_entropy,3,,Terry Gilliam,0,,0.287520847960177,,,speaker
text_lr_no_entropy,3,,Terry Riley,0,,0.3950427813211521,,,speaker
text_lr_no_entropy,3,,Vampiro,1,0.0,0.29372982043801743,,,speaker
text_lr_no_entropy,3,,Viv Nicholson,1,5.0,0.48060744922736065,,,speaker
text_lr_no_entropy,3,,Yoko Ono,0,,0.20908169490100237,,,speaker
text_lr_no_drift,3,data/dementia/Abe Burrows/AbeBurrows_5.wav,Abe Burrows,1,5.0,0.20993937331406334,,,clip
text_lr_no_drift,3,data/nodementia/Al Pacino/AlPacino_1.wav,Al Pacino,0,,0.13415518561469567,,,clip
text_lr_no_drift,3,data/nodementia/Al Pacino/AlPacino_2.wav,Al Pacino,0,,0.2838793066674292,,,clip
text_lr_no_drift,3,data/nodementia/Al Pacino/AlPacino_3.wav,Al Pacino,0,,0.21998313257750365,,,clip
text_lr_no_drift,3,data/nodementia/Angelo Badalamenti/AngeloBadalamenti_1.wav,Angelo Badalamenti,0,,0.33171778102961974,,,clip
text_lr_no_drift,3,data/nodementia/Angelo Badalamenti/AngeloBadalamenti_2.wav,Angelo Badalamenti,0,,0.5085328965046026,,,clip
text_lr_no_drift,3,data/nodementia/Angelo Badalamenti/AngeloBadalamenti_3.wav,Angelo Badalamenti,0,,0.27465274198072964,,,clip
text_lr_no_drift,3,data/nodementia/Anthony Hopkins/AnthonyHopkins_1.wav,Anthony Hopkins,0,,0.17908401501633658,,,clip
text_lr_no_drift,3,data/nodementia/Anthony Hopkins/AnthonyHopkins_2.wav,Anthony Hopkins,0,,0.2045690211304465,,,clip
text_lr_no_drift,3,data/nodementia/Anthony Hopkins/AnthonyHopkins_3.wav,Anthony Hopkins,0,,0.27603112403778485,,,clip
text_lr_no_drift,3,data/dementia/B B King/bbking_0.wav,B B King,1,0.0,0.3226375448689362,,,clip
text_lr_no_drift,3,data/dementia/B B King/bbking_10.wav,B B King,1,10.0,0.23887032328185423,,,clip
text_lr_no_drift,3,data/dementia/B B King/bbking_15.wav,B B King,1,15.0,0.24632953476307928,,,clip
text_lr_no_drift,3,data/dementia/Bobby Womack/BobbyWomack_0.wav,Bobby Womack,1,0.0,0.24502849658709586,,,clip
text_lr_no_drift,3,data/nodementia/Brian De Palma/BrianDePalma_1.wav,Brian De Palma,0,,0.38337855440077273,,,clip
text_lr_no_drift,3,data/nodementia/Brian De Palma/BrianDePalma_2.wav,Brian De Palma,0,,0.3321831906040525,,,clip
text_lr_no_drift,3,data/nodementia/Brian De Palma/BrianDePalma_3.wav,Brian De Palma,0,,0.2371134966781026,,,clip
text_lr_no_drift,3,data/nodementia/Buddy Guy/BuddyGuy_2.wav,Buddy Guy,0,,0.12489576257153924,,,clip
text_lr_no_drift,3,data/nodementia/Buddy Guy/BuddyGuy_3.wav,Buddy Guy,0,,0.23212948098018304,,,clip
text_lr_no_drift,3,data/dementia/Charles Bronson/CharlesBronson_10.wav,Charles Bronson,1,10.0,0.3025231497440535,,,clip
text_lr_no_drift,3,data/dementia/Charles Bronson/CharlesBronson_15.wav,Charles Bronson,1,15.0,0.5088955995649788,,,clip
text_lr_no_drift,3,data/dementia/Dennis Moore/DennisMoore_5.wav,Dennis Moore,1,5.0,0.3556227277668901,,,clip
text_lr_no_drift,3,data/nodementia/Dionne Warwick/DionneWarwick_1.wav,Dionne Warwick,0,,0.20963628100619322,,,clip
text_lr_no_drift,3,data/nodementia/Dionne Warwick/DionneWarwick_3.wav,Dionne Warwick,0,,0.14143712346716175,,,clip
text_lr_no_drift,3,data/nodementia/Dustin Hoffman/DustinHoffman_1.wav,Dustin Hoffman,0,,0.9389539450305656,,,clip
text_lr_no_drift,3,data/nodementia/Dustin Hoffman/DustinHoffman_2.wav,Dustin Hoffman,0,,0.29353147688037284,,,clip
text_lr_no_drift,3,data/nodementia/Dustin Hoffman/DustinHoffman_3.wav,Dustin Hoffman,0,,0.5096983555935477,,,clip
text_lr_no_drift,3,data/dementia/Ernie Sigley/ErnieSigley_15.wav,Ernie Sigley,1,15.0,0.20364849213401906,,,clip
text_lr_no_drift,3,data/dementia/Greg Fingers Taylor/GregFingersTaylor_10.wav,Greg Fingers Taylor,1,10.0,0.2919746768773157,,,clip
text_lr_no_drift,3,data/dementia/Ian Holm/IanHolm_2.wav,Ian Holm,1,2.0,0.3333224589796615,,,clip
text_lr_no_drift,3,data/nodementia/Jeanne Moreau/JeanneMoreau_1.wav,Jeanne Moreau,0,,0.1918111848827043,,,clip
text_lr_no_drift,3,data/nodementia/Jeanne Moreau/JeanneMoreau_3.wav,Jeanne Moreau,0,,0.3276894694689574,,,clip
text_lr_no_drift,3,data/dementia/Jim McLean/jimmclean_10.wav,Jim McLean,1,10.0,0.6069625222921141,,,clip
text_lr_no_drift,3,data/dementia/Jim Neidhart/JimNeidhart_0.wav,Jim Neidhart,1,0.0,0.5359932536686192,,,clip
text_lr_no_drift,3,data/dementia/Jim Neidhart/JimNeidhart_10.wav,Jim Neidhart,1,10.0,0.29894507211492455,,,clip
text_lr_no_drift,3,data/dementia/Jim Neidhart/JimNeidhart_15.wav,Jim Neidhart,1,15.0,0.1635573146359118,,,clip
text_lr_no_drift,3,data/nodementia/John Cleese/JohnCleese_1.wav,John Cleese,0,,0.3006631121875374,,,clip
text_lr_no_drift,3,data/nodementia/John Cleese/JohnCleese_3.wav,John Cleese,0,,0.258041506396706,,,clip
text_lr_no_drift,3,data/dementia/Maureen Forrester/maureenforrester_5.wav,Maureen Forrester,1,5.0,0.2658572571719268,,,clip
text_lr_no_drift,3,data/nodementia/Michael Caine/Michael Caine_1.wav,Michael Caine,0,,0.23213015004814797,,,clip
text_lr_no_drift,3,data/nodementia/Michael Caine/Michael Caine_2.wav,Michael Caine,0,,0.20563375188778005,,,clip
text_lr_no_drift,3,data/nodementia/Michael Caine/Michael Caine_3.wav,Michael Caine,0,,0.18929410579368783,,,clip
text_lr_no_drift,3,data/nodementia/Michel Piccoli/MichelPiccoli_1.wav,Michel Piccoli,0,,0.41758869033975243,,,clip
text_lr_no_drift,3,data/nodementia/Michel Piccoli/MichelPiccoli_2.wav,Michel Piccoli,0,,0.45155280788201024,,,clip
text_lr_no_drift,3,data/nodementia/Michel Piccoli/MichelPiccoli_3.wav,Michel Piccoli,0,,0.4686288328901135,,,clip
text_lr_no_drift,3,data/nodementia/Milos Forman/MilosForman_1.wav,Milos Forman,0,,0.2223352078369145,,,clip
text_lr_no_drift,3,data/nodementia/Milos Forman/MilosForman_2.wav,Milos Forman,0,,0.2947890492372285,,,clip
text_lr_no_drift,3,data/nodementia/Milos Forman/MilosForman_3.wav,Milos Forman,0,,0.3430459702235618,,,clip
text_lr_no_drift,3,data/nodementia/Mireille Darc/MireilleDarc_2.wav,Mireille Darc,0,,0.7599195118700894,,,clip
text_lr_no_drift,3,data/nodementia/Mireille Darc/MireilleDarc_3.wav,Mireille Darc,0,,0.3382312114237832,,,clip
text_lr_no_drift,3,data/nodementia/Nick Nolte/NickNolte_1.wav,Nick Nolte,0,,0.26668439620628814,,,clip
text_lr_no_drift,3,data/nodementia/Nick Nolte/NickNolte_2.wav,Nick Nolte,0,,0.2649494870588543,,,clip
text_lr_no_drift,3,data/nodementia/Nick Nolte/NickNolte_3.wav,Nick Nolte,0,,0.1852145063218173,,,clip
text_lr_no_drift,3,data/dementia/Omar Sharif/OmarSharif_0.wav,Omar Sharif,1,0.0,0.09819593135397602,,,clip
text_lr_no_drift,3,data/dementia/Omar Sharif/OmarSharif_10.wav,Omar Sharif,1,10.0,0.29195995276331965,,,clip
text_lr_no_drift,3,data/nodementia/Paul Verhoeven/PaulVerhoeven_1.wav,Paul Verhoeven,0,,0.21742908784289836,,,clip
text_lr_no_drift,3,data/nodementia/Paul Verhoeven/PaulVerhoeven_3.wav,Paul Verhoeven,0,,0.5821403502322278,,,clip
text_lr_no_drift,3,data/dementia/Pauline Phillips/PaulinePhillips_10.wav,Pauline Phillips,1,10.0,0.2417252940101929,,,clip
text_lr_no_drift,3,data/nodementia/Peter Lupus/PeterLupus_2.wav,Peter Lupus,0,,0.16616536179624733,,,clip
text_lr_no_drift,3,data/nodementia/Philip Glass/PhilipGlass_1.wav,Philip Glass,0,,0.13914267824794305,,,clip
text_lr_no_drift,3,data/nodementia/Philip Glass/PhilipGlass_2.wav,Philip Glass,0,,0.26183799436284055,,,clip
text_lr_no_drift,3,data/nodementia/Philip Glass/PhilipGlass_3.wav,Philip Glass,0,,0.2828558780151159,,,clip
text_lr_no_drift,3,data/dementia/Ralph Klein/ralphklein_5_1.wav,Ralph Klein,1,5.0,0.2502296454592678,,,clip
text_lr_no_drift,3,data/dementia/Ralph Klein/ralphklein_5_2.wav,Ralph Klein,1,5.0,0.16877470643363743,,,clip
text_lr_no_drift,3,data/nodementia/Ralph Lauren/RalphLauren_2.wav,Ralph Lauren,0,,0.21054548523865285,,,clip
text_lr_no_drift,3,data/nodementia/Ralph Lauren/RalphLauren_3.wav,Ralph Lauren,0,,0.17603542083073057,,,clip
text_lr_no_drift,3,data/nodementia/Roger Moore/RogerMoore_1.wav,Roger Moore,0,,0.2908596961163803,,,clip
text_lr_no_drift,3,data/nodementia/Roger Moore/RogerMoore_2.wav,Roger Moore,0,,0.5933649961546735,,,clip
text_lr_no_drift,3,data/nodementia/Roger Moore/RogerMoore_3.wav,Roger Moore,0,,0.31589649233410866,,,clip
text_lr_no_drift,3,data/nodementia/Rupert Murdoch/RupertMurdoch_1.wav,Rupert Murdoch,0,,0.32943015130267794,,,clip
text_lr_no_drift,3,data/nodementia/Rupert Murdoch/RupertMurdoch_2.wav,Rupert Murdoch,0,,0.3158629968683624,,,clip
text_lr_no_drift,3,data/nodementia/Rupert Murdoch/RupertMurdoch_3.wav,Rupert Murdoch,0,,0.3644309789221868,,,clip
text_lr_no_drift,3,data/nodementia/Sam Waterston/SamWaterston_1.wav,Sam Waterston,0,,0.1993561797495854,,,clip
text_lr_no_drift,3,data/nodementia/Sam Waterston/SamWaterston_3.wav,Sam Waterston,0,,0.19756619987523596,,,clip
text_lr_no_drift,3,data/nodementia/Stan Lee/Stan Lee_1.wav,Stan Lee,0,,0.35443679317777455,,,clip
text_lr_no_drift,3,data/nodementia/Stan Lee/Stan Lee_2.wav,Stan Lee,0,,0.361155170770941,,,clip
text_lr_no_drift,3,data/nodementia/Stan Lee/Stan Lee_3.wav,Stan Lee,0,,0.2771341623377958,,,clip
text_lr_no_drift,3,data/dementia/Ted Turner/TedTurner_0.wav,Ted Turner,1,0.0,0.40206912983759496,,,clip
text_lr_no_drift,3,data/dementia/Ted Turner/TedTurner_5.wav,Ted Turner,1,5.0,0.36765452865284626,,,clip
text_lr_no_drift,3,data/dementia/Teresa Gorman/TeresaGorman_10.wav,Teresa Gorman,1,10.0,0.6137120584000977,,,clip
text_lr_no_drift,3,data/nodementia/Terry Gilliam/TerryGilliam_1.wav,Terry Gilliam,0,,0.3081131828992749,,,clip
text_lr_no_drift,3,data/nodementia/Terry Gilliam/TerryGilliam_2.wav,Terry Gilliam,0,,0.25913935301599916,,,clip
text_lr_no_drift,3,data/nodementia/Terry Gilliam/TerryGilliam_3.wav,Terry Gilliam,0,,0.27871348258301604,,,clip
text_lr_no_drift,3,data/nodementia/Terry Riley/TerryRiley_2.wav,Terry Riley,0,,0.4328862533052638,,,clip
text_lr_no_drift,3,data/nodementia/Terry Riley/TerryRiley_3.wav,Terry Riley,0,,0.3690808503983174,,,clip
text_lr_no_drift,3,data/dementia/Vampiro/Vampiro_0.wav,Vampiro,1,0.0,0.22642085625751215,,,clip
text_lr_no_drift,3,data/dementia/Vampiro/Vampiro_5.wav,Vampiro,1,5.0,0.3823383333058715,,,clip
text_lr_no_drift,3,data/dementia/Viv Nicholson/vivnicholson_5.wav,Viv Nicholson,1,5.0,0.4769216932689351,,,clip
text_lr_no_drift,3,data/nodementia/Yoko Ono/YokoOno_1.wav,Yoko Ono,0,,0.2462768288386894,,,clip
text_lr_no_drift,3,data/nodementia/Yoko Ono/YokoOno_2.wav,Yoko Ono,0,,0.16660657816035124,,,clip
text_lr_no_drift,3,data/nodementia/Yoko Ono/YokoOno_3.wav,Yoko Ono,0,,0.20819384044647907,,,clip
text_lr_no_drift,3,,Abe Burrows,1,5.0,0.20993937331406334,,,speaker
text_lr_no_drift,3,,Al Pacino,0,,0.21267254161987617,,,speaker
text_lr_no_drift,3,,Angelo Badalamenti,0,,0.3716344731716507,,,speaker
text_lr_no_drift,3,,Anthony Hopkins,0,,0.21989472006152266,,,speaker
text_lr_no_drift,3,,B B King,1,0.0,0.26927913430462325,,,speaker
text_lr_no_drift,3,,Bobby Womack,1,0.0,0.24502849658709586,,,speaker
text_lr_no_drift,3,,Brian De Palma,0,,0.3175584138943093,,,speaker
text_lr_no_drift,3,,Buddy Guy,0,,0.17851262177586114,,,speaker
text_lr_no_drift,3,,Charles Bronson,1,10.0,0.4057093746545161,,,speaker
text_lr_no_drift,3,,Dennis Moore,1,5.0,0.3556227277668901,,,speaker
text_lr_no_drift,3,,Dionne Warwick,0,,0.1755367022366775,,,speaker
text_lr_no_drift,3,,Dustin Hoffman,0,,0.5807279258348287,,,speaker
text_lr_no_drift,3,,Ernie Sigley,1,15.0,0.20364849213401906,,,speaker
text_lr_no_drift,3,,Greg Fingers Taylor,1,10.0,0.2919746768773157,,,speaker
text_lr_no_drift,3,,Ian Holm,1,2.0,0.3333224589796615,,,speaker
text_lr_no_drift,3,,Jeanne Moreau,0,,0.25975032717583085,,,speaker
text_lr_no_drift,3,,Jim McLean,1,10.0,0.6069625222921141,,,speaker
text_lr_no_drift,3,,Jim Neidhart,1,0.0,0.3328318801398185,,,speaker
text_lr_no_drift,3,,John Cleese,0,,0.2793523092921217,,,speaker
text_lr_no_drift,3,,Maureen Forrester,1,5.0,0.2658572571719268,,,speaker
text_lr_no_drift,3,,Michael Caine,0,,0.20901933590987196,,,speaker
text_lr_no_drift,3,,Michel Piccoli,0,,0.4459234437039587,,,speaker
text_lr_no_drift,3,,Milos Forman,0,,0.28672340909923494,,,speaker
text_lr_no_drift,3,,Mireille Darc,0,,0.5490753616469364,,,speaker
text_lr_no_drift,3,,Nick Nolte,0,,0.23894946319565324,,,speaker
text_lr_no_drift,3,,Omar Sharif,1,0.0,0.19507794205864784,,,speaker
text_lr_no_drift,3,,Paul Verhoeven,0,,0.3997847190375631,,,speaker
text_lr_no_drift,3,,Pauline Phillips,1,10.0,0.2417252940101929,,,speaker
text_lr_no_drift,3,,Peter Lupus,0,,0.16616536179624733,,,speaker
text_lr_no_drift,3,,Philip Glass,0,,0.22794551687529982,,,speaker
text_lr_no_drift,3,,Ralph Klein,1,5.0,0.2095021759464526,,,speaker
text_lr_no_drift,3,,Ralph Lauren,0,,0.19329045303469172,,,speaker
text_lr_no_drift,3,,Roger Moore,0,,0.4000403948683875,,,speaker
text_lr_no_drift,3,,Rupert Murdoch,0,,0.3365747090310757,,,speaker
text_lr_no_drift,3,,Sam Waterston,0,,0.19846118981241068,,,speaker
text_lr_no_drift,3,,Stan Lee,0,,0.33090870876217043,,,speaker
text_lr_no_drift,3,,Ted Turner,1,0.0,0.3848618292452206,,,speaker
text_lr_no_drift,3,,Teresa Gorman,1,10.0,0.6137120584000977,,,speaker
text_lr_no_drift,3,,Terry Gilliam,0,,0.28198867283276335,,,speaker
text_lr_no_drift,3,,Terry Riley,0,,0.4009835518517906,,,speaker
text_lr_no_drift,3,,Vampiro,1,0.0,0.30437959478169185,,,speaker
text_lr_no_drift,3,,Viv Nicholson,1,5.0,0.4769216932689351,,,speaker
text_lr_no_drift,3,,Yoko Ono,0,,0.20702574914850658,,,speaker
text_lr_traditional_only,3,data/dementia/Abe Burrows/AbeBurrows_5.wav,Abe Burrows,1,5.0,0.20777325427658547,,,clip
text_lr_traditional_only,3,data/nodementia/Al Pacino/AlPacino_1.wav,Al Pacino,0,,0.1336147251997055,,,clip
text_lr_traditional_only,3,data/nodementia/Al Pacino/AlPacino_2.wav,Al Pacino,0,,0.2842522546342452,,,clip
text_lr_traditional_only,3,data/nodementia/Al Pacino/AlPacino_3.wav,Al Pacino,0,,0.21916966619037462,,,clip
text_lr_traditional_only,3,data/nodementia/Angelo Badalamenti/AngeloBadalamenti_1.wav,Angelo Badalamenti,0,,0.3327234671573704,,,clip
text_lr_traditional_only,3,data/nodementia/Angelo Badalamenti/AngeloBadalamenti_2.wav,Angelo Badalamenti,0,,0.511581840877914,,,clip
text_lr_traditional_only,3,data/nodementia/Angelo Badalamenti/AngeloBadalamenti_3.wav,Angelo Badalamenti,0,,0.2757471183341101,,,clip
text_lr_traditional_only,3,data/nodementia/Anthony Hopkins/AnthonyHopkins_1.wav,Anthony Hopkins,0,,0.1789374038555503,,,clip
text_lr_traditional_only,3,data/nodementia/Anthony Hopkins/AnthonyHopkins_2.wav,Anthony Hopkins,0,,0.2046478959142249,,,clip
text_lr_traditional_only,3,data/nodementia/Anthony Hopkins/AnthonyHopkins_3.wav,Anthony Hopkins,0,,0.2785118469519682,,,clip
text_lr_traditional_only,3,data/dementia/B B King/bbking_0.wav,B B King,1,0.0,0.3214057912698593,,,clip
text_lr_traditional_only,3,data/dementia/B B King/bbking_10.wav,B B King,1,10.0,0.23802447741113394,,,clip
text_lr_traditional_only,3,data/dementia/B B King/bbking_15.wav,B B King,1,15.0,0.24601671746932763,,,clip
text_lr_traditional_only,3,data/dementia/Bobby Womack/BobbyWomack_0.wav,Bobby Womack,1,0.0,0.24369544538144483,,,clip
text_lr_traditional_only,3,data/nodementia/Brian De Palma/BrianDePalma_1.wav,Brian De Palma,0,,0.38324587624212897,,,clip
text_lr_traditional_only,3,data/nodementia/Brian De Palma/BrianDePalma_2.wav,Brian De Palma,0,,0.3318077187515075,,,clip
text_lr_traditional_only,3,data/nodementia/Brian De Palma/BrianDePalma_3.wav,Brian De Palma,0,,0.23713176885328763,,,clip
text_lr_traditional_only,3,data/nodementia/Buddy Guy/BuddyGuy_2.wav,Buddy Guy,0,,0.12545184127176712,,,clip
text_lr_traditional_only,3,data/nodementia/Buddy Guy/BuddyGuy_3.wav,Buddy Guy,0,,0.23077826211612013,,,clip
text_lr_traditional_only,3,data/dementia/Charles Bronson/CharlesBronson_10.wav,Charles Bronson,1,10.0,0.3036709789287959,,,clip
text_lr_traditional_only,3,data/dementia/Charles Bronson/CharlesBronson_15.wav,Charles Bronson,1,15.0,0.5046226006657807,,,clip
text_lr_traditional_only,3,data/dementia/Dennis Moore/DennisMoore_5.wav,Dennis Moore,1,5.0,0.3551548466685493,,,clip
text_lr_traditional_only,3,data/nodementia/Dionne Warwick/DionneWarwick_1.wav,Dionne Warwick,0,,0.20888878571264302,,,clip
text_lr_traditional_only,3,data/nodementia/Dionne Warwick/DionneWarwick_3.wav,Dionne Warwick,0,,0.14086572549495724,,,clip
text_lr_traditional_only,3,data/nodementia/Dustin Hoffman/DustinHoffman_1.wav,Dustin Hoffman,0,,0.9396114882975185,,,clip
text_lr_traditional_only,3,data/nodementia/Dustin Hoffman/DustinHoffman_2.wav,Dustin Hoffman,0,,0.2939745722416083,,,clip
text_lr_traditional_only,3,data/nodementia/Dustin Hoffman/DustinHoffman_3.wav,Dustin Hoffman,0,,0.5111950060249995,,,clip
text_lr_traditional_only,3,data/dementia/Ernie Sigley/ErnieSigley_15.wav,Ernie Sigley,1,15.0,0.20320266797598308,,,clip
text_lr_traditional_only,3,data/dementia/Greg Fingers Taylor/GregFingersTaylor_10.wav,Greg Fingers Taylor,1,10.0,0.2928390806631116,,,clip
text_lr_traditional_only,3,data/dementia/Ian Holm/IanHolm_2.wav,Ian Holm,1,2.0,0.33412463946910137,,,clip
text_lr_traditional_only,3,data/nodementia/Jeanne Moreau/JeanneMoreau_1.wav,Jeanne Moreau,0,,0.19223500271257804,,,clip
text_lr_traditional_only,3,data/nodementia/Jeanne Moreau/JeanneMoreau_3.wav,Jeanne Moreau,0,,0.3272848167371471,,,clip
text_lr_traditional_only,3,data/dementia/Jim McLean/jimmclean_10.wav,Jim McLean,1,10.0,0.5991207028056563,,,clip
text_lr_traditional_only,3,data/dementia/Jim Neidhart/JimNeidhart_0.wav,Jim Neidhart,1,0.0,0.5392441431866127,,,clip
text_lr_traditional_only,3,data/dementia/Jim Neidhart/JimNeidhart_10.wav,Jim Neidhart,1,10.0,0.29835262146086394,,,clip
text_lr_traditional_only,3,data/dementia/Jim Neidhart/JimNeidhart_15.wav,Jim Neidhart,1,15.0,0.16418054939308424,,,clip
text_lr_traditional_only,3,data/nodementia/John Cleese/JohnCleese_1.wav,John Cleese,0,,0.3008039281677542,,,clip
text_lr_traditional_only,3,data/nodementia/John Cleese/JohnCleese_3.wav,John Cleese,0,,0.25755277273085403,,,clip
text_lr_traditional_only,3,data/dementia/Maureen Forrester/maureenforrester_5.wav,Maureen Forrester,1,5.0,0.2662214727584727,,,clip
text_lr_traditional_only,3,data/nodementia/Michael Caine/Michael Caine_1.wav,Michael Caine,0,,0.2323698788339242,,,clip
text_lr_traditional_only,3,data/nodementia/Michael Caine/Michael Caine_2.wav,Michael Caine,0,,0.2057476770449062,,,clip
text_lr_traditional_only,3,data/nodementia/Michael Caine/Michael Caine_3.wav,Michael Caine,0,,0.18886951963370446,,,clip
text_lr_traditional_only,3,data/nodementia/Michel Piccoli/MichelPiccoli_1.wav,Michel Piccoli,0,,0.42228636391489544,,,clip
text_lr_traditional_only,3,data/nodementia/Michel Piccoli/MichelPiccoli_2.wav,Michel Piccoli,0,,0.45443602362446367,,,clip
text_lr_traditional_only,3,data/nodementia/Michel Piccoli/MichelPiccoli_3.wav,Michel Piccoli,0,,0.47081760964144154,,,clip
text_lr_traditional_only,3,data/nodementia/Milos Forman/MilosForman_1.wav,Milos Forman,0,,0.2214767978353123,,,clip
text_lr_traditional_only,3,data/nodementia/Milos Forman/MilosForman_2.wav,Milos Forman,0,,0.29516507046066687,,,clip
text_lr_traditional_only,3,data/nodementia/Milos Forman/MilosForman_3.wav,Milos Forman,0,,0.3445018109716379,,,clip
text_lr_traditional_only,3,data/nodementia/Mireille Darc/MireilleDarc_2.wav,Mireille Darc,0,,0.7641052385629673,,,clip
text_lr_traditional_only,3,data/nodementia/Mireille Darc/MireilleDarc_3.wav,Mireille Darc,0,,0.3402600650224932,,,clip
text_lr_traditional_only,3,data/nodementia/Nick Nolte/NickNolte_1.wav,Nick Nolte,0,,0.26699765946079185,,,clip
text_lr_traditional_only,3,data/nodementia/Nick Nolte/NickNolte_2.wav,Nick Nolte,0,,0.2649587427203375,,,clip
text_lr_traditional_only,3,data/nodementia/Nick Nolte/NickNolte_3.wav,Nick Nolte,0,,0.18487215079708022,,,clip
text_lr_traditional_only,3,data/dementia/Omar Sharif/OmarSharif_0.wav,Omar Sharif,1,0.0,0.09667856427825716,,,clip
text_lr_traditional_only,3,data/dementia/Omar Sharif/OmarSharif_10.wav,Omar Sharif,1,10.0,0.2935929199691615,,,clip
text_lr_traditional_only,3,data/nodementia/Paul Verhoeven/PaulVerhoeven_1.wav,Paul Verhoeven,0,,0.21709947065973048,,,clip
text_lr_traditional_only,3,data/nodementia/Paul Verhoeven/PaulVerhoeven_3.wav,Paul Verhoeven,0,,0.5777111394576798,,,clip
text_lr_traditional_only,3,data/dementia/Pauline Phillips/PaulinePhillips_10.wav,Pauline Phillips,1,10.0,0.2411134013184995,,,clip
text_lr_traditional_only,3,data/nodementia/Peter Lupus/PeterLupus_2.wav,Peter Lupus,0,,0.16746757106916865,,,clip
text_lr_traditional_only,3,data/nodementia/Philip Glass/PhilipGlass_1.wav,Philip Glass,0,,0.13976019593326536,,,clip
text_lr_traditional_only,3,data/nodementia/Philip Glass/PhilipGlass_2.wav,Philip Glass,0,,0.2612522681071453,,,clip
text_lr_traditional_only,3,data/nodementia/Philip Glass/PhilipGlass_3.wav,Philip Glass,0,,0.28341347500889,,,clip
text_lr_traditional_only,3,data/dementia/Ralph Klein/ralphklein_5_1.wav,Ralph Klein,1,5.0,0.25160925833027387,,,clip
text_lr_traditional_only,3,data/dementia/Ralph Klein/ralphklein_5_2.wav,Ralph Klein,1,5.0,0.170886182249327,,,clip
text_lr_traditional_only,3,data/nodementia/Ralph Lauren/RalphLauren_2.wav,Ralph Lauren,0,,0.21012649769115646,,,clip
text_lr_traditional_only,3,data/nodementia/Ralph Lauren/RalphLauren_3.wav,Ralph Lauren,0,,0.17591666545807422,,,clip
text_lr_traditional_only,3,data/nodementia/Roger Moore/RogerMoore_1.wav,Roger Moore,0,,0.29146979002846696,,,clip
text_lr_traditional_only,3,data/nodementia/Roger Moore/RogerMoore_2.wav,Roger Moore,0,,0.5864638960507421,,,clip
text_lr_traditional_only,3,data/nodementia/Roger Moore/RogerMoore_3.wav,Roger Moore,0,,0.3174363694591428,,,clip
text_lr_traditional_only,3,data/nodementia/Rupert Murdoch/RupertMurdoch_1.wav,Rupert Murdoch,0,,0.3285598985179746,,,clip
text_lr_traditional_only,3,data/nodementia/Rupert Murdoch/RupertMurdoch_2.wav,Rupert Murdoch,0,,0.31757705334800324,,,clip
text_lr_traditional_only,3,data/nodementia/Rupert Murdoch/RupertMurdoch_3.wav,Rupert Murdoch,0,,0.3637136894677599,,,clip
text_lr_traditional_only,3,data/nodementia/Sam Waterston/SamWaterston_1.wav,Sam Waterston,0,,0.19952567504933028,,,clip
text_lr_traditional_only,3,data/nodementia/Sam Waterston/SamWaterston_3.wav,Sam Waterston,0,,0.19617116121304856,,,clip
text_lr_traditional_only,3,data/nodementia/Stan Lee/Stan Lee_1.wav,Stan Lee,0,,0.3544423751720749,,,clip
text_lr_traditional_only,3,data/nodementia/Stan Lee/Stan Lee_2.wav,Stan Lee,0,,0.36166890050938927,,,clip
text_lr_traditional_only,3,data/nodementia/Stan Lee/Stan Lee_3.wav,Stan Lee,0,,0.2775888279640749,,,clip
text_lr_traditional_only,3,data/dementia/Ted Turner/TedTurner_0.wav,Ted Turner,1,0.0,0.4033894891145836,,,clip
text_lr_traditional_only,3,data/dementia/Ted Turner/TedTurner_5.wav,Ted Turner,1,5.0,0.3678934238237234,,,clip
text_lr_traditional_only,3,data/dementia/Teresa Gorman/TeresaGorman_10.wav,Teresa Gorman,1,10.0,0.6103263854473818,,,clip
text_lr_traditional_only,3,data/nodementia/Terry Gilliam/TerryGilliam_1.wav,Terry Gilliam,0,,0.30804497282377286,,,clip
text_lr_traditional_only,3,data/nodementia/Terry Gilliam/TerryGilliam_2.wav,Terry Gilliam,0,,0.2593232336081421,,,clip
text_lr_traditional_only,3,data/nodementia/Terry Gilliam/TerryGilliam_3.wav,Terry Gilliam,0,,0.2791573305603125,,,clip
text_lr_traditional_only,3,data/nodementia/Terry Riley/TerryRiley_2.wav,Terry Riley,0,,0.43344351911486634,,,clip
text_lr_traditional_only,3,data/nodementia/Terry Riley/TerryRiley_3.wav,Terry Riley,0,,0.3699678638113135,,,clip
text_lr_traditional_only,3,data/dementia/Vampiro/Vampiro_0.wav,Vampiro,1,0.0,0.22681834264458312,,,clip
text_lr_traditional_only,3,data/dementia/Vampiro/Vampiro_5.wav,Vampiro,1,5.0,0.3853162270116215,,,clip
text_lr_traditional_only,3,data/dementia/Viv Nicholson/vivnicholson_5.wav,Viv Nicholson,1,5.0,0.46839727730456115,,,clip
text_lr_traditional_only,3,data/nodementia/Yoko Ono/YokoOno_1.wav,Yoko Ono,0,,0.24604261325158563,,,clip
text_lr_traditional_only,3,data/nodementia/Yoko Ono/YokoOno_2.wav,Yoko Ono,0,,0.1654420857651942,,,clip
text_lr_traditional_only,3,data/nodementia/Yoko Ono/YokoOno_3.wav,Yoko Ono,0,,0.20848222988604992,,,clip
text_lr_traditional_only,3,,Abe Burrows,1,5.0,0.20777325427658547,,,speaker
text_lr_traditional_only,3,,Al Pacino,0,,0.2123455486747751,,,speaker
text_lr_traditional_only,3,,Angelo Badalamenti,0,,0.37335080878979815,,,speaker
text_lr_traditional_only,3,,Anthony Hopkins,0,,0.22069904890724779,,,speaker
text_lr_traditional_only,3,,B B King,1,0.0,0.26848232871677363,,,speaker
text_lr_traditional_only,3,,Bobby Womack,1,0.0,0.24369544538144483,,,speaker
text_lr_traditional_only,3,,Brian De Palma,0,,0.317395121282308,,,speaker
text_lr_traditional_only,3,,Buddy Guy,0,,0.17811505169394362,,,speaker
text_lr_traditional_only,3,,Charles Bronson,1,10.0,0.4041467897972883,,,speaker
text_lr_traditional_only,3,,Dennis Moore,1,5.0,0.3551548466685493,,,speaker
text_lr_traditional_only,3,,Dionne Warwick,0,,0.17487725560380013,,,speaker
text_lr_traditional_only,3,,Dustin Hoffman,0,,0.5815936888547087,,,speaker
text_lr_traditional_only,3,,Ernie Sigley,1,15.0,0.20320266797598308,,,speaker
text_lr_traditional_only,3,,Greg Fingers Taylor,1,10.0,0.2928390806631116,,,speaker
text_lr_traditional_only,3,,Ian Holm,1,2.0,0.33412463946910137,,,speaker
text_lr_traditional_only,3,,Jeanne Moreau,0,,0.25975990972486257,,,speaker
text_lr_traditional_only,3,,Jim McLean,1,10.0,0.5991207028056563,,,speaker
text_lr_traditional_only,3,,Jim Neidhart,1,0.0,0.3339257713468536,,,speaker
text_lr_traditional_only,3,,John Cleese,0,,0.2791783504493041,,,speaker
text_lr_traditional_only,3,,Maureen Forrester,1,5.0,0.2662214727584727,,,speaker
text_lr_traditional_only,3,,Michael Caine,0,,0.20899569183751163,,,speaker
text_lr_traditional_only,3,,Michel Piccoli,0,,0.4491799990602669,,,speaker
text_lr_traditional_only,3,,Milos Forman,0,,0.2870478930892057,,,speaker
text_lr_traditional_only,3,,Mireille Darc,0,,0.5521826517927302,,,speaker
text_lr_traditional_only,3,,Nick Nolte,0,,0.23894285099273652,,,speaker
text_lr_traditional_only,3,,Omar Sharif,1,0.0,0.19513574212370932,,,speaker
text_lr_traditional_only,3,,Paul Verhoeven,0,,0.39740530505870514,,,speaker
text_lr_traditional_only,3,,Pauline Phillips,1,10.0,0.2411134013184995,,,speaker
text_lr_traditional_only,3,,Peter Lupus,0,,0.16746757106916865,,,speaker
text_lr_traditional_only,3,,Philip Glass,0,,0.22814197968310024,,,speaker
text_lr_traditional_only,3,,Ralph Klein,1,5.0,0.21124772028980043,,,speaker
text_lr_traditional_only,3,,Ralph Lauren,0,,0.19302158157461535,,,speaker
text_lr_traditional_only,3,,Roger Moore,0,,0.3984566851794506,,,speaker
text_lr_traditional_only,3,,Rupert Murdoch,0,,0.33661688044457927,,,speaker
text_lr_traditional_only,3,,Sam Waterston,0,,0.19784841813118942,,,speaker
text_lr_traditional_only,3,,Stan Lee,0,,0.3312333678818464,,,speaker
text_lr_traditional_only,3,,Ted Turner,1,0.0,0.3856414564691535,,,speaker
text_lr_traditional_only,3,,Teresa Gorman,1,10.0,0.6103263854473818,,,speaker
text_lr_traditional_only,3,,Terry Gilliam,0,,0.2821751789974091,,,speaker
text_lr_traditional_only,3,,Terry Riley,0,,0.40170569146308993,,,speaker
text_lr_traditional_only,3,,Vampiro,1,0.0,0.3060672848281023,,,speaker
text_lr_traditional_only,3,,Viv Nicholson,1,5.0,0.46839727730456115,,,speaker
text_lr_traditional_only,3,,Yoko Ono,0,,0.20665564296760994,,,speaker
text_lr_novel_only,3,data/dementia/Abe Burrows/AbeBurrows_5.wav,Abe Burrows,1,5.0,0.2989648366019527,,,clip
text_lr_novel_only,3,data/nodementia/Al Pacino/AlPacino_1.wav,Al Pacino,0,,0.2601672531952847,,,clip
text_lr_novel_only,3,data/nodementia/Al Pacino/AlPacino_2.wav,Al Pacino,0,,0.2706942351134323,,,clip
text_lr_novel_only,3,data/nodementia/Al Pacino/AlPacino_3.wav,Al Pacino,0,,0.2659419013183927,,,clip
text_lr_novel_only,3,data/nodementia/Angelo Badalamenti/AngeloBadalamenti_1.wav,Angelo Badalamenti,0,,0.25178997460797675,,,clip
text_lr_novel_only,3,data/nodementia/Angelo Badalamenti/AngeloBadalamenti_2.wav,Angelo Badalamenti,0,,0.35397801069995377,,,clip
text_lr_novel_only,3,data/nodementia/Angelo Badalamenti/AngeloBadalamenti_3.wav,Angelo Badalamenti,0,,0.23196607264201813,,,clip
text_lr_novel_only,3,data/nodementia/Anthony Hopkins/AnthonyHopkins_1.wav,Anthony Hopkins,0,,0.2544065976800581,,,clip
text_lr_novel_only,3,data/nodementia/Anthony Hopkins/AnthonyHopkins_2.wav,Anthony Hopkins,0,,0.25114249854102083,,,clip
text_lr_novel_only,3,data/nodementia/Anthony Hopkins/AnthonyHopkins_3.wav,Anthony Hopkins,0,,0.24392678521425099,,,clip
text_lr_novel_only,3,data/dementia/B B King/bbking_0.wav,B B King,1,0.0,0.25687136478838507,,,clip
text_lr_novel_only,3,data/dementia/B B King/bbking_10.wav,B B King,1,10.0,0.27347804568360756,,,clip
text_lr_novel_only,3,data/dementia/B B King/bbking_15.wav,B B King,1,15.0,0.26307664851021856,,,clip
text_lr_novel_only,3,data/dementia/Bobby Womack/BobbyWomack_0.wav,Bobby Womack,1,0.0,0.24615599261891558,,,clip
text_lr_novel_only,3,data/nodementia/Brian De Palma/BrianDePalma_1.wav,Brian De Palma,0,,0.2708029980591681,,,clip
text_lr_novel_only,3,data/nodementia/Brian De Palma/BrianDePalma_2.wav,Brian De Palma,0,,0.27294699687697555,,,clip
text_lr_novel_only,3,data/nodementia/Brian De Palma/BrianDePalma_3.wav,Brian De Palma,0,,0.2583416161074654,,,clip
text_lr_novel_only,3,data/nodementia/Buddy Guy/BuddyGuy_2.wav,Buddy Guy,0,,0.25144196068628316,,,clip
text_lr_novel_only,3,data/nodementia/Buddy Guy/BuddyGuy_3.wav,Buddy Guy,0,,0.24779633724881137,,,clip
text_lr_novel_only,3,data/dementia/Charles Bronson/CharlesBronson_10.wav,Charles Bronson,1,10.0,0.26322293632793997,,,clip
text_lr_novel_only,3,data/dementia/Charles Bronson/CharlesBronson_15.wav,Charles Bronson,1,15.0,0.38450450222052174,,,clip
text_lr_novel_only,3,data/dementia/Dennis Moore/DennisMoore_5.wav,Dennis Moore,1,5.0,0.26774891602909845,,,clip
text_lr_novel_only,3,data/nodementia/Dionne Warwick/DionneWarwick_1.wav,Dionne Warwick,0,,0.2909522860300589,,,clip
text_lr_novel_only,3,data/nodementia/Dionne Warwick/DionneWarwick_3.wav,Dionne Warwick,0,,0.23950581088986964,,,clip
text_lr_novel_only,3,data/nodementia/Dustin Hoffman/DustinHoffman_1.wav,Dustin Hoffman,0,,0.489151677120839,,,clip
text_lr_novel_only,3,data/nodementia/Dustin Hoffman/DustinHoffman_2.wav,Dustin Hoffman,0,,0.2726790406853085,,,clip
text_lr_novel_only,3,data/nodementia/Dustin Hoffman/DustinHoffman_3.wav,Dustin Hoffman,0,,0.47778701073066004,,,clip
text_lr_novel_only,3,data/dementia/Ernie Sigley/ErnieSigley_15.wav,Ernie Sigley,1,15.0,0.28307415774548084,,,clip
text_lr_novel_only,3,data/dementia/Greg Fingers Taylor/GregFingersTaylor_10.wav,Greg Fingers Taylor,1,10.0,0.2715831251465318,,,clip
text_lr_novel_only,3,data/dementia/Ian Holm/IanHolm_2.wav,Ian Holm,1,2.0,0.2593770222672599,,,clip
text_lr_novel_only,3,data/nodementia/Jeanne Moreau/JeanneMoreau_1.wav,Jeanne Moreau,0,,0.21602891500804286,,,clip
text_lr_novel_only,3,data/nodementia/Jeanne Moreau/JeanneMoreau_3.wav,Jeanne Moreau,0,,0.28841310862068464,,,clip
text_lr_novel_only,3,data/dementia/Jim McLean/jimmclean_10.wav,Jim McLean,1,10.0,0.52658794585571,,,clip
text_lr_novel_only,3,data/dementia/Jim Neidhart/JimNeidhart_0.wav,Jim Neidhart,1,0.0,0.2974630259062393,,,clip
text_lr_novel_only,3,data/dementia/Jim Neidhart/JimNeidhart_10.wav,Jim Neidhart,1,10.0,0.3437071078742424,,,clip
text_lr_novel_only,3,data/dementia/Jim Neidhart/JimNeidhart_15.wav,Jim Neidhart,1,15.0,0.2755960977597444,,,clip
text_lr_novel_only,3,data/nodementia/John Cleese/JohnCleese_1.wav,John Cleese,0,,0.2590681027261035,,,clip
text_lr_novel_only,3,data/nodementia/John Cleese/JohnCleese_3.wav,John Cleese,0,,0.2919415550390974,,,clip
text_lr_novel_only,3,data/dementia/Maureen Forrester/maureenforrester_5.wav,Maureen Forrester,1,5.0,0.2442823859411557,,,clip
text_lr_novel_only,3,data/nodementia/Michael Caine/Michael Caine_1.wav,Michael Caine,0,,0.2870150592861627,,,clip
text_lr_novel_only,3,data/nodementia/Michael Caine/Michael Caine_2.wav,Michael Caine,0,,0.24413919413904167,,,clip
text_lr_novel_only,3,data/nodementia/Michael Caine/Michael Caine_3.wav,Michael Caine,0,,0.2644044840401207,,,clip
text_lr_novel_only,3,data/nodementia/Michel Piccoli/MichelPiccoli_1.wav,Michel Piccoli,0,,0.33505786878828203,,,clip
text_lr_novel_only,3,data/nodementia/Michel Piccoli/MichelPiccoli_2.wav,Michel Piccoli,0,,0.3415052057072837,,,clip
text_lr_novel_only,3,data/nodementia/Michel Piccoli/MichelPiccoli_3.wav,Michel Piccoli,0,,0.36443079304248344,,,clip
text_lr_novel_only,3,data/nodementia/Milos Forman/MilosForman_1.wav,Milos Forman,0,,0.24632633670654305,,,clip
text_lr_novel_only,3,data/nodementia/Milos Forman/MilosForman_2.wav,Milos Forman,0,,0.27974580430423834,,,clip
text_lr_novel_only,3,data/nodementia/Milos Forman/MilosForman_3.wav,Milos Forman,0,,0.2708884970290431,,,clip
text_lr_novel_only,3,data/nodementia/Mireille Darc/MireilleDarc_2.wav,Mireille Darc,0,,0.5181037780122195,,,clip
text_lr_novel_only,3,data/nodementia/Mireille Darc/MireilleDarc_3.wav,Mireille Darc,0,,0.38271873374186244,,,clip
text_lr_novel_only,3,data/nodementia/Nick Nolte/NickNolte_1.wav,Nick Nolte,0,,0.250570025413521,,,clip
text_lr_novel_only,3,data/nodementia/Nick Nolte/NickNolte_2.wav,Nick Nolte,0,,0.26674033363869093,,,clip
text_lr_novel_only,3,data/nodementia/Nick Nolte/NickNolte_3.wav,Nick Nolte,0,,0.24808461008815416,,,clip
text_lr_novel_only,3,data/dementia/Omar Sharif/OmarSharif_0.wav,Omar Sharif,1,0.0,0.28912065381080265,,,clip
text_lr_novel_only,3,data/dementia/Omar Sharif/OmarSharif_10.wav,Omar Sharif,1,10.0,0.2733232725612764,,,clip
text_lr_novel_only,3,data/nodementia/Paul Verhoeven/PaulVerhoeven_1.wav,Paul Verhoeven,0,,0.2677729066794637,,,clip
text_lr_novel_only,3,data/nodementia/Paul Verhoeven/PaulVerhoeven_3.wav,Paul Verhoeven,0,,0.47729995803809666,,,clip
text_lr_novel_only,3,data/dementia/Pauline Phillips/PaulinePhillips_10.wav,Pauline Phillips,1,10.0,0.28506291366065867,,,clip
text_lr_novel_only,3,data/nodementia/Peter Lupus/PeterLupus_2.wav,Peter Lupus,0,,0.26338235519454806,,,clip
text_lr_novel_only,3,data/nodementia/Philip Glass/PhilipGlass_1.wav,Philip Glass,0,,0.2886915521484226,,,clip
text_lr_novel_only,3,data/nodementia/Philip Glass/PhilipGlass_2.wav,Philip Glass,0,,0.28062804985181633,,,clip
text_lr_novel_only,3,data/nodementia/Philip Glass/PhilipGlass_3.wav,Philip Glass,0,,0.2520843429153524,,,clip
text_lr_novel_only,3,data/dementia/Ralph Klein/ralphklein_5_1.wav,Ralph Klein,1,5.0,0.26712130874394024,,,clip
text_lr_novel_only,3,data/dementia/Ralph Klein/ralphklein_5_2.wav,Ralph Klein,1,5.0,0.3009705499719007,,,clip
text_lr_novel_only,3,data/nodementia/Ralph Lauren/RalphLauren_2.wav,Ralph Lauren,0,,0.2742857565954015,,,clip
text_lr_novel_only,3,data/nodementia/Ralph Lauren/RalphLauren_3.wav,Ralph Lauren,0,,0.250990311416308,,,clip
text_lr_novel_only,3,data/nodementia/Roger Moore/RogerMoore_1.wav,Roger Moore,0,,0.27117807707814323,,,clip
text_lr_novel_only,3,data/nodementia/Roger Moore/RogerMoore_2.wav,Roger Moore,0,,0.5082710206379455,,,clip
text_lr_novel_only,3,data/nodementia/Roger Moore/RogerMoore_3.wav,Roger Moore,0,,0.2740540589869458,,,clip
text_lr_novel_only,3,data/nodementia/Rupert Murdoch/RupertMurdoch_1.wav,Rupert Murdoch,0,,0.30685712140033367,,,clip
text_lr_novel_only,3,data/nodementia/Rupert Murdoch/RupertMurdoch_2.wav,Rupert Murdoch,0,,0.26713624838208766,,,clip
text_lr_novel_only,3,data/nodementia/Rupert Murdoch/RupertMurdoch_3.wav,Rupert Murdoch,0,,0.2894199960244731,,,clip
text_lr_novel_only,3,data/nodementia/Sam Waterston/SamWaterston_1.wav,Sam Waterston,0,,0.23648004434226247,,,clip
text_lr_novel_only,3,data/nodementia/Sam Waterston/SamWaterston_3.wav,Sam Waterston,0,,0.27618301209605084,,,clip
text_lr_novel_only,3,data/nodementia/Stan Lee/Stan Lee_1.wav,Stan Lee,0,,0.2730214317991691,,,clip
text_lr_novel_only,3,data/nodementia/Stan Lee/Stan Lee_2.wav,Stan Lee,0,,0.24832377491077476,,,clip
text_lr_novel_only,3,data/nodementia/Stan Lee/Stan Lee_3.wav,Stan Lee,0,,0.24611850011065606,,,clip
text_lr_novel_only,3,data/dementia/Ted Turner/TedTurner_0.wav,Ted Turner,1,0.0,0.29908045234791925,,,clip
text_lr_novel_only,3,data/dementia/Ted Turner/TedTurner_5.wav,Ted Turner,1,5.0,0.30251418090252397,,,clip
text_lr_novel_only,3,data/dementia/Teresa Gorman/TeresaGorman_10.wav,Teresa Gorman,1,10.0,0.42176315365407374,,,clip
text_lr_novel_only,3,data/nodementia/Terry Gilliam/TerryGilliam_1.wav,Terry Gilliam,0,,0.2646211554739517,,,clip
text_lr_novel_only,3,data/nodementia/Terry Gilliam/TerryGilliam_2.wav,Terry Gilliam,0,,0.27014295326547827,,,clip
text_lr_novel_only,3,data/nodementia/Terry Gilliam/TerryGilliam_3.wav,Terry Gilliam,0,,0.27053657935183373,,,clip
text_lr_novel_only,3,data/nodementia/Terry Riley/TerryRiley_2.wav,Terry Riley,0,,0.32002400501688544,,,clip
text_lr_novel_only,3,data/nodementia/Terry Riley/TerryRiley_3.wav,Terry Riley,0,,0.263567736968873,,,clip
text_lr_novel_only,3,data/dementia/Vampiro/Vampiro_0.wav,Vampiro,1,0.0,0.24744551057128739,,,clip
text_lr_novel_only,3,data/dementia/Vampiro/Vampiro_5.wav,Vampiro,1,5.0,0.2588734051898165,,,clip
text_lr_novel_only,3,data/dementia/Viv Nicholson/vivnicholson_5.wav,Viv Nicholson,1,5.0,0.5476550379941584,,,clip
text_lr_novel_only,3,data/nodementia/Yoko Ono/YokoOno_1.wav,Yoko Ono,0,,0.2905423196101888,,,clip
text_lr_novel_only,3,data/nodementia/Yoko Ono/YokoOno_2.wav,Yoko Ono,0,,0.25118387060126107,,,clip
text_lr_novel_only,3,data/nodementia/Yoko Ono/YokoOno_3.wav,Yoko Ono,0,,0.2394395150144534,,,clip
text_lr_novel_only,3,,Abe Burrows,1,5.0,0.2989648366019527,,,speaker
text_lr_novel_only,3,,Al Pacino,0,,0.2656011298757032,,,speaker
text_lr_novel_only,3,,Angelo Badalamenti,0,,0.2792446859833162,,,speaker
text_lr_novel_only,3,,Anthony Hopkins,0,,0.24982529381177665,,,speaker
text_lr_novel_only,3,,B B King,1,0.0,0.2644753529940704,,,speaker
text_lr_novel_only,3,,Bobby Womack,1,0.0,0.24615599261891558,,,speaker
text_lr_novel_only,3,,Brian De Palma,0,,0.2673638703478697,,,speaker
text_lr_novel_only,3,,Buddy Guy,0,,0.24961914896754728,,,speaker
text_lr_novel_only,3,,Charles Bronson,1,10.0,0.32386371927423085,,,speaker
text_lr_novel_only,3,,Dennis Moore,1,5.0,0.26774891602909845,,,speaker
text_lr_novel_only,3,,Dionne Warwick,0,,0.26522904845996426,,,speaker
text_lr_novel_only,3,,Dustin Hoffman,0,,0.41320590951226915,,,speaker
text_lr_novel_only,3,,Ernie Sigley,1,15.0,0.28307415774548084,,,speaker
text_lr_novel_only,3,,Greg Fingers Taylor,1,10.0,0.2715831251465318,,,speaker
text_lr_novel_only,3,,Ian Holm,1,2.0,0.2593770222672599,,,speaker
text_lr_novel_only,3,,Jeanne Moreau,0,,0.25222101181436374,,,speaker
text_lr_novel_only,3,,Jim McLean,1,10.0,0.52658794585571,,,speaker
text_lr_novel_only,3,,Jim Neidhart,1,0.0,0.305588743846742,,,speaker
text_lr_novel_only,3,,John Cleese,0,,0.2755048288826004,,,speaker
text_lr_novel_only,3,,Maureen Forrester,1,5.0,0.2442823859411557,,,speaker
text_lr_novel_only,3,,Michael Caine,0,,0.265186245821775,,,speaker
text_lr_novel_only,3,,Michel Piccoli,0,,0.3469979558460164,,,speaker
text_lr_novel_only,3,,Milos Forman,0,,0.2656535460132748,,,speaker
text_lr_novel_only,3,,Mireille Darc,0,,0.450411255877041,,,speaker
text_lr_novel_only,3,,Nick Nolte,0,,0.25513165638012203,,,speaker
text_lr_novel_only,3,,Omar Sharif,1,0.0,0.28122196318603954,,,speaker
text_lr_novel_only,3,,Paul Verhoeven,0,,0.3725364323587802,,,speaker
text_lr_novel_only,3,,Pauline Phillips,1,10.0,0.28506291366065867,,,speaker
text_lr_novel_only,3,,Peter Lupus,0,,0.26338235519454806,,,speaker
text_lr_novel_only,3,,Philip Glass,0,,0.27380131497186383,,,speaker
text_lr_novel_only,3,,Ralph Klein,1,5.0,0.2840459293579205,,,speaker
text_lr_novel_only,3,,Ralph Lauren,0,,0.2626380340058547,,,speaker
text_lr_novel_only,3,,Roger Moore,0,,0.35116771890101156,,,speaker
text_lr_novel_only,3,,Rupert Murdoch,0,,0.2878044552689648,,,speaker
text_lr_novel_only,3,,Sam Waterston,0,,0.25633152821915667,,,speaker
text_lr_novel_only,3,,Stan Lee,0,,0.25582123560686665,,,speaker
text_lr_novel_only,3,,Ted Turner,1,0.0,0.3007973166252216,,,speaker
text_lr_novel_only,3,,Teresa Gorman,1,10.0,0.42176315365407374,,,speaker
text_lr_novel_only,3,,Terry Gilliam,0,,0.2684335626970879,,,speaker
text_lr_novel_only,3,,Terry Riley,0,,0.2917958709928792,,,speaker
text_lr_novel_only,3,,Vampiro,1,0.0,0.25315945788055194,,,speaker
text_lr_novel_only,3,,Viv Nicholson,1,5.0,0.5476550379941584,,,speaker
text_lr_novel_only,3,,Yoko Ono,0,,0.2603885684086344,,,speaker
text_lr_no_entropy,4,data/dementia/Allan Burns/AllanBurns_5.wav,Allan Burns,1,5.0,0.3531414317416085,,,clip
text_lr_no_entropy,4,data/dementia/Barry Cohen/BarryCohen_5.wav,Barry Cohen,1,5.0,0.2459799270217131,,,clip
text_lr_no_entropy,4,data/nodementia/Barry Levinson/BarryLevinson_1.wav,Barry Levinson,0,,0.28719546830166026,,,clip
text_lr_no_entropy,4,data/nodementia/Barry Levinson/BarryLevinson_2.wav,Barry Levinson,0,,0.2637793635040813,,,clip
text_lr_no_entropy,4,data/nodementia/Barry Levinson/BarryLevinson_3.wav,Barry Levinson,0,,0.21038981118704883,,,clip
text_lr_no_entropy,4,data/dementia/Ben Bradlee/BenBradlee_15.wav,Ben Bradlee,1,15.0,0.2541278813104595,,,clip
text_lr_no_entropy,4,data/dementia/Ben Bradlee/BenBradlee_5.wav,Ben Bradlee,1,5.0,0.29995879401429876,,,clip
text_lr_no_entropy,4,data/nodementia/Bob Barker/bobbarker_2.wav,Bob Barker,0,,0.2698557066158326,,,clip
text_lr_no_entropy,4,data/nodementia/Bob Barker/bobbarker_3.wav,Bob Barker,0,,0.2552101774167751,,,clip
text_lr_no_entropy,4,data/nodementia/Bob Dylan/BobDylan_1.wav,Bob Dylan,0,,0.26620860113277606,,,clip
text_lr_no_entropy,4,data/nodementia/Bob Dylan/BobDylan_2.wav,Bob Dylan,0,,0.26692029529016853,,,clip
text_lr_no_entropy,4,data/nodementia/Bob Dylan/BobDylan_3.wav,Bob Dylan,0,,0.2679424490671711,,,clip
text_lr_no_entropy,4,data/nodementia/Burt Bacharach/Burt Bacharach_1.wav,Burt Bacharach,0,,0.22109400561752557,,,clip
text_lr_no_entropy,4,data/nodementia/Burt Bacharach/Burt Bacharach_2.wav,Burt Bacharach,0,,0.2967803412323856,,,clip
text_lr_no_entropy,4,data/nodementia/Burt Bacharach/Burt Bacharach_3.wav,Burt Bacharach,0,,0.3214081281817485,,,clip
text_lr_no_entropy,4,data/nodementia/Calypso Rose/CalypsoRose_3.wav,Calypso Rose,0,,0.18952642944196632,,,clip
text_lr_no_entropy,4,data/nodementia/Calypso Rose/CalypsoRose__1.wav,Calypso Rose,0,,0.3239667090104637,,,clip
text_lr_no_entropy,4,data/dementia/Casey Kasem/CaseyKasem_15.wav,Casey Kasem,1,15.0,0.26361548755153497,,,clip
text_lr_no_entropy,4,data/dementia/Casey Kasem/CaseyKasem_5.wav,Casey Kasem,1,5.0,0.28308075796078064,,,clip
text_lr_no_entropy,4,data/nodementia/Charles Aznavour/CharlesAznavour_1.wav,Charles Aznavour,0,,0.2454401630522345,,,clip
text_lr_no_entropy,4,data/nodementia/Charles Aznavour/CharlesAznavour_2.wav,Charles Aznavour,0,,0.36664833542606134,,,clip
text_lr_no_entropy,4,data/nodementia/Charles Aznavour/CharlesAznavour_3.wav,Charles Aznavour,0,,0.30044916992313336,,,clip
text_lr_no_entropy,4,data/nodementia/Christopher Plummer/christopher plummer_1.wav,Christopher Plummer,0,,0.35378415906422434,,,clip
text_lr_no_entropy,4,data/nodementia/Christopher Plummer/christopher plummer_2.wav,Christopher Plummer,0,,0.36345885839923586,,,clip
text_lr_no_entropy,4,data/nodementia/Christopher Plummer/christopher plummer_3.wav,Christopher Plummer,0,,0.24145318911414526,,,clip
text_lr_no_entropy,4,data/dementia/Dan Ingram/daningram_15.wav,Dan Ingram,1,15.0,0.2912660670738061,,,clip
text_lr_no_entropy,4,data/nodementia/David Allan Coe/DavidAllanCoe_1.wav,David Allan Coe,0,,0.2023803585664236,,,clip
text_lr_no_entropy,4,data/nodementia/David Allan Coe/DavidAllanCoe_2.wav,David Allan Coe,0,,0.2750682906699508,,,clip
text_lr_no_entropy,4,data/nodementia/David Allan Coe/DavidAllanCoe_3.wav,David Allan Coe,0,,0.2759610732482006,,,clip
text_lr_no_entropy,4,data/nodementia/David Attenboroug/David Attenboroug_3.wav,David Attenboroug,0,,0.347162015567539,,,clip
text_lr_no_entropy,4,data/dementia/David Prowse/DavidProwse_0.wav,David Prowse,1,0.0,0.25205743135686537,,,clip
text_lr_no_entropy,4,data/dementia/David Prowse/DavidProwse_10.wav,David Prowse,1,10.0,0.23056329718503105,,,clip
text_lr_no_entropy,4,data/dementia/David Prowse/DavidProwse_5.wav,David Prowse,1,5.0,0.4669890020325354,,,clip
text_lr_no_entropy,4,data/dementia/Don Lane/DonLane_0.wav,Don Lane,1,0.0,0.24547163762697669,,,clip
text_lr_no_entropy,4,data/nodementia/Frank Vincent/FrankVincent_2.wav,Frank Vincent,0,,0.2730535232084828,,,clip
text_lr_no_entropy,4,data/nodementia/Frank Vincent/FrankVincent_3.wav,Frank Vincent,0,,0.1981627588944061,,,clip
text_lr_no_entropy,4,data/nodementia/Gilberto Gil/GilbertoGil_1.wav,Gilberto Gil,0,,0.4830305371402259,,,clip
text_lr_no_entropy,4,data/nodementia/Gilberto Gil/GilbertoGil_2.wav,Gilberto Gil,0,,0.1804819138254229,,,clip
text_lr_no_entropy,4,data/nodementia/Gilberto Gil/GilbertoGil_3.wav,Gilberto Gil,0,,0.26261412931211375,,,clip
text_lr_no_entropy,4,data/nodementia/Hank Aaron/HankAaron_1.wav,Hank Aaron,0,,0.3421910405795124,,,clip
text_lr_no_entropy,4,data/nodementia/Hank Aaron/HankAaron_2.wav,Hank Aaron,0,,0.2516241052710606,,,clip
text_lr_no_entropy,4,data/nodementia/Hank Aaron/HankAaron_3.wav,Hank Aaron,0,,0.18439258839233885,,,clip
text_lr_no_entropy,4,data/nodementia/Ian McKellen/IanMcKellen_1.wav,Ian McKellen,0,,0.5535581052904095,,,clip
text_lr_no_entropy,4,data/nodementia/Ian McKellen/IanMcKellen_2.wav,Ian McKellen,0,,0.3022587726351537,,,clip
text_lr_no_entropy,4,data/nodementia/Ian McKellen/IanMcKellen_3.wav,Ian McKellen,0,,0.2672538171120938,,,clip
text_lr_no_entropy,4,data/dementia/Jack Hanna/JackHanna_10.wav,Jack Hanna,1,10.0,0.2727090870384156,,,clip
text_lr_no_entropy,4,data/dementia/Jack Hanna/JackHanna_15.wav,Jack Hanna,1,15.0,0.2722446155142337,,,clip
text_lr_no_entropy,4,data/dementia/Jack Webster/JackWebster_10.wav,Jack Webster,1,10.0,0.2815900611971907,,,clip
text_lr_no_entropy,4,data/dementia/Jack Webster/JackWebster_5.wav,Jack Webster,1,5.0,0.4597356864052246,,,clip
text_lr_no_entropy,4,data/nodementia/Jane Fonda/Jane Fonda_1.wav,Jane Fonda,0,,0.3181509661876865,,,clip
text_lr_no_entropy,4,data/nodementia/Jane Fonda/JaneFonda_3.wav,Jane Fonda,0,,0.34604500956932516,,,clip
text_lr_no_entropy,4,data/nodementia/Jerry Lewis/JerryLewis1.wav,Jerry Lewis,0,,0.2219795385383402,,,clip
text_lr_no_entropy,4,data/nodementia/Jerry Lewis/JerryLewis2.wav,Jerry Lewis,0,,0.22499641433192624,,,clip
text_lr_no_entropy,4,data/nodementia/Jerry Lewis/JerryLewis3.wav,Jerry Lewis,0,,0.5267699690314102,,,clip
text_lr_no_entropy,4,data/nodementia/Judi Dench/Judi Dench_2.wav,Judi Dench,0,,0.438318085585945,,,clip
text_lr_no_entropy,4,data/nodementia/Judi Dench/Judi Dench_3.wav,Judi Dench,0,,0.25327048342486363,,,clip
text_lr_no_entropy,4,data/nodementia/Karl Lagerfeld/KarlLagerfeld_2.wav,Karl Lagerfeld,0,,0.15846011273803728,,,clip
text_lr_no_entropy,4,data/nodementia/Karl Lagerfeld/KarlLagerfeld_3.wav,Karl Lagerfeld,0,,0.2960433110022527,,,clip
text_lr_no_entropy,4,data/nodementia/Martin Landau/MartinLandau_1.wav,Martin Landau,0,,0.34178608873767335,,,clip
text_lr_no_entropy,4,data/nodementia/Martin Landau/MartinLandau_2.wav,Martin Landau,0,,0.28721251656584074,,,clip
text_lr_no_entropy,4,data/nodementia/Martin Landau/MartinLandau_3.wav,Martin Landau,0,,0.25690209774087497,,,clip
text_lr_no_entropy,4,data/dementia/Maurice Hinchey/mauricehinchey_0_1.wav,Maurice Hinchey,1,0.0,0.2608843252718368,,,clip
text_lr_no_entropy,4,data/dementia/Maurice Hinchey/mauricehinchey_0_2.wav,Maurice Hinchey,1,0.0,0.2310883584166665,,,clip
text_lr_no_entropy,4,data/dementia/Maurice Hinchey/mauricehinchey_5.wav,Maurice Hinchey,1,5.0,0.30255187768294683,,,clip
text_lr_no_entropy,4,data/nodementia/Max von Sydow/MaxvonSydow_1.wav,Max von Sydow,0,,0.25350427759957567,,,clip
text_lr_no_entropy,4,data/nodementia/Max von Sydow/MaxvonSydow_3.wav,Max von Sydow,0,,0.254588494111769,,,clip
text_lr_no_entropy,4,data/nodementia/Michael Cimino/MichaelCimino_2.wav,Michael Cimino,0,,0.2472789215164237,,,clip
text_lr_no_entropy,4,data/nodementia/Michael Gambon/MichaelGambon_2.wav,Michael Gambon,0,,0.2991878187057269,,,clip
text_lr_no_entropy,4,data/nodementia/Michael Gambon/MichaelGambon_3.wav,Michael Gambon,0,,0.17328221805167837,,,clip
text_lr_no_entropy,4,data/dementia/Otis Chandler/OtisChandler_5.wav,Otis Chandler,1,5.0,0.2662067766689843,,,clip
text_lr_no_entropy,4,data/nodementia/Prince Philip/Prince Philip_1.wav,Prince Philip,0,,0.5366388825535076,,,clip
text_lr_no_entropy,4,data/nodementia/Prince Philip/Prince Philip_2.wav,Prince Philip,0,,0.2339396511447551,,,clip
text_lr_no_entropy,4,data/nodementia/Prince Philip/Prince Philip_3.wav,Prince Philip,0,,0.30909580706155904,,,clip
text_lr_no_entropy,4,data/dementia/Ray Dolby/RayDolby_0.wav,Ray Dolby,1,0.0,0.3332640869555919,,,clip
text_lr_no_entropy,4,data/dementia/Ray Dolby/RayDolby_10.wav,Ray Dolby,1,10.0,0.3225555239555094,,,clip
text_lr_no_entropy,4,data/nodementia/Sidney Poiter/sidney poiter_1.wav,Sidney Poiter,0,,0.22451131238364933,,,clip
text_lr_no_entropy,4,data/nodementia/Sidney Poiter/sidney poiter_2.wav,Sidney Poiter,0,,0.12516894573761234,,,clip
text_lr_no_entropy,4,data/nodementia/Sidney Poiter/sidney poiter_3.wav,Sidney Poiter,0,,0.19355290257201352,,,clip
text_lr_no_entropy,4,data/nodementia/Sophia Loren/SophiaLoren_1.wav,Sophia Loren,0,,0.22654898324017442,,,clip
text_lr_no_entropy,4,data/nodementia/Sophia Loren/SophiaLoren_2.wav,Sophia Loren,0,,0.23781351030554626,,,clip
text_lr_no_entropy,4,data/nodementia/Steve Reich/SteveReich_2.wav,Steve Reich,0,,0.21798058353229618,,,clip
text_lr_no_entropy,4,data/nodementia/Steve Reich/SteveReich_3.wav,Steve Reich,0,,0.20394611659703507,,,clip
text_lr_no_entropy,4,data/dementia/Terry Pratchett/TerryPratchett_0.wav,Terry Pratchett,1,0.0,0.24187304554681333,,,clip
text_lr_no_entropy,4,data/dementia/Terry Pratchett/TerryPratchett_5.wav,Terry Pratchett,1,5.0,0.6072540069295348,,,clip
text_lr_no_entropy,4,data/dementia/Thomas Dorsey/thomasdorsey_0.wav,Thomas Dorsey,1,0.0,0.27276596295441335,,,clip
text_lr_no_entropy,4,data/dementia/Unita Blackwell/UnitaBlackwell_15.wav,Unita Blackwell,1,15.0,0.19091487558930334,,,clip
text_lr_no_entropy,4,data/nodementia/Walter Mondale/WalterMondale_3.wav,Walter Mondale,0,,0.3363745626191786,,,clip
text_lr_no_entropy,4,data/nodementia/William Shatner/WilliamShatner_1.wav,William Shatner,0,,0.23469741540747535,,,clip
text_lr_no_entropy,4,data/nodementia/William Shatner/WilliamShatner_2.wav,William Shatner,0,,0.1994883597193624,,,clip
text_lr_no_entropy,4,data/nodementia/William Shatner/WilliamShatner_3.wav,William Shatner,0,,0.2326636998613807,,,clip
text_lr_no_entropy,4,data/dementia/Woody Durham/woodydurham_0_2.wav,Woody Durham,1,0.0,0.25512985223330736,,,clip
text_lr_no_entropy,4,,Allan Burns,1,5.0,0.3531414317416085,,,speaker
text_lr_no_entropy,4,,Barry Cohen,1,5.0,0.2459799270217131,,,speaker
text_lr_no_entropy,4,,Barry Levinson,0,,0.25378821433093013,,,speaker
text_lr_no_entropy,4,,Ben Bradlee,1,5.0,0.2770433376623791,,,speaker
text_lr_no_entropy,4,,Bob Barker,0,,0.26253294201630384,,,speaker
text_lr_no_entropy,4,,Bob Dylan,0,,0.26702378183003855,,,speaker
text_lr_no_entropy,4,,Burt Bacharach,0,,0.2797608250105532,,,speaker
text_lr_no_entropy,4,,Calypso Rose,0,,0.256746569226215,,,speaker
text_lr_no_entropy,4,,Casey Kasem,1,5.0,0.27334812275615783,,,speaker
text_lr_no_entropy,4,,Charles Aznavour,0,,0.30417922280047643,,,speaker
text_lr_no_entropy,4,,Christopher Plummer,0,,0.31956540219253515,,,speaker
text_lr_no_entropy,4,,Dan Ingram,1,15.0,0.2912660670738061,,,speaker
text_lr_no_entropy,4,,David Allan Coe,0,,0.251136574161525,,,speaker
text_lr_no_entropy,4,,David Attenboroug,0,,0.347162015567539,,,speaker
text_lr_no_entropy,4,,David Prowse,1,0.0,0.3165365768581439,,,speaker
text_lr_no_entropy,4,,Don Lane,1,0.0,0.24547163762697669,,,speaker
text_lr_no_entropy,4,,Frank Vincent,0,,0.23560814105144445,,,speaker
text_lr_no_entropy,4,,Gilberto Gil,0,,0.3087088600925875,,,speaker
text_lr_no_entropy,4,,Hank Aaron,0,,0.2594025780809706,,,speaker
text_lr_no_entropy,4,,Ian McKellen,0,,0.37435689834588565,,,speaker
text_lr_no_entropy,4,,Jack Hanna,1,10.0,0.27247685127632465,,,speaker
text_lr_no_entropy,4,,Jack Webster,1,5.0,0.37066287380120766,,,speaker
text_lr_no_entropy,4,,Jane Fonda,0,,0.33209798787850586,,,speaker
text_lr_no_entropy,4,,Jerry Lewis,0,,0.32458197396722555,,,speaker
text_lr_no_entropy,4,,Judi Dench,0,,0.3457942845054043,,,speaker
text_lr_no_entropy,4,,Karl Lagerfeld,0,,0.22725171187014498,,,speaker
text_lr_no_entropy,4,,Martin Landau,0,,0.2953002343481297,,,speaker
text_lr_no_entropy,4,,Maurice Hinchey,1,0.0,0.26484152045715004,,,speaker
text_lr_no_entropy,4,,Max von Sydow,0,,0.2540463858556723,,,speaker
text_lr_no_entropy,4,,Michael Cimino,0,,0.2472789215164237,,,speaker
text_lr_no_entropy,4,,Michael Gambon,0,,0.23623501837870264,,,speaker
text_lr_no_entropy,4,,Otis Chandler,1,5.0,0.2662067766689843,,,speaker
text_lr_no_entropy,4,,Prince Philip,0,,0.35989144691994057,,,speaker
text_lr_no_entropy,4,,Ray Dolby,1,0.0,0.32790980545555065,,,speaker
text_lr_no_entropy,4,,Sidney Poiter,0,,0.18107772023109173,,,speaker
text_lr_no_entropy,4,,Sophia Loren,0,,0.23218124677286034,,,speaker
text_lr_no_entropy,4,,Steve Reich,0,,0.21096335006466563,,,speaker
text_lr_no_entropy,4,,Terry Pratchett,1,0.0,0.42456352623817406,,,speaker
text_lr_no_entropy,4,,Thomas Dorsey,1,0.0,0.27276596295441335,,,speaker
text_lr_no_entropy,4,,Unita Blackwell,1,15.0,0.19091487558930334,,,speaker
text_lr_no_entropy,4,,Walter Mondale,0,,0.3363745626191786,,,speaker
text_lr_no_entropy,4,,William Shatner,0,,0.22228315832940615,,,speaker
text_lr_no_entropy,4,,Woody Durham,1,0.0,0.25512985223330736,,,speaker
text_lr_no_drift,4,data/dementia/Allan Burns/AllanBurns_5.wav,Allan Burns,1,5.0,0.33332687020739676,,,clip
text_lr_no_drift,4,data/dementia/Barry Cohen/BarryCohen_5.wav,Barry Cohen,1,5.0,0.23630962193260732,,,clip
text_lr_no_drift,4,data/nodementia/Barry Levinson/BarryLevinson_1.wav,Barry Levinson,0,,0.2870288790820363,,,clip
text_lr_no_drift,4,data/nodementia/Barry Levinson/BarryLevinson_2.wav,Barry Levinson,0,,0.27187337241811066,,,clip
text_lr_no_drift,4,data/nodementia/Barry Levinson/BarryLevinson_3.wav,Barry Levinson,0,,0.2086930625118732,,,clip
text_lr_no_drift,4,data/dementia/Ben Bradlee/BenBradlee_15.wav,Ben Bradlee,1,15.0,0.25947195616841556,,,clip
text_lr_no_drift,4,data/dementia/Ben Bradlee/BenBradlee_5.wav,Ben Bradlee,1,5.0,0.27879308620585347,,,clip
text_lr_no_drift,4,data/nodementia/Bob Barker/bobbarker_2.wav,Bob Barker,0,,0.2718896996311138,,,clip
text_lr_no_drift,4,data/nodementia/Bob Barker/bobbarker_3.wav,Bob Barker,0,,0.24256239570107055,,,clip
text_lr_no_drift,4,data/nodementia/Bob Dylan/BobDylan_1.wav,Bob Dylan,0,,0.2691327076451052,,,clip
text_lr_no_drift,4,data/nodementia/Bob Dylan/BobDylan_2.wav,Bob Dylan,0,,0.30161520110422196,,,clip
text_lr_no_drift,4,data/nodementia/Bob Dylan/BobDylan_3.wav,Bob Dylan,0,,0.2649501888875961,,,clip
text_lr_no_drift,4,data/nodementia/Burt Bacharach/Burt Bacharach_1.wav,Burt Bacharach,0,,0.22817556362491906,,,clip
text_lr_no_drift,4,data/nodementia/Burt Bacharach/Burt Bacharach_2.wav,Burt Bacharach,0,,0.278856419129264,,,clip
text_lr_no_drift,4,data/nodementia/Burt Bacharach/Burt Bacharach_3.wav,Burt Bacharach,0,,0.29259976000346,,,clip
text_lr_no_drift,4,data/nodementia/Calypso Rose/CalypsoRose_3.wav,Calypso Rose,0,,0.19364744058638095,,,clip
text_lr_no_drift,4,data/nodementia/Calypso Rose/CalypsoRose__1.wav,Calypso Rose,0,,0.32656535150788335,,,clip
text_lr_no_drift,4,data/dementia/Casey Kasem/CaseyKasem_15.wav,Casey Kasem,1,15.0,0.24269053772877888,,,clip
text_lr_no_drift,4,data/dementia/Casey Kasem/CaseyKasem_5.wav,Casey Kasem,1,5.0,0.28676087662056937,,,clip
text_lr_no_drift,4,data/nodementia/Charles Aznavour/CharlesAznavour_1.wav,Charles Aznavour,0,,0.2525094379694771,,,clip
text_lr_no_drift,4,data/nodementia/Charles Aznavour/CharlesAznavour_2.wav,Charles Aznavour,0,,0.3676055018592867,,,clip
text_lr_no_drift,4,data/nodementia/Charles Aznavour/CharlesAznavour_3.wav,Charles Aznavour,0,,0.2918898515771669,,,clip
text_lr_no_drift,4,data/nodementia/Christopher Plummer/christopher plummer_1.wav,Christopher Plummer,0,,0.3400226567825686,,,clip
text_lr_no_drift,4,data/nodementia/Christopher Plummer/christopher plummer_2.wav,Christopher Plummer,0,,0.35945428251237765,,,clip
text_lr_no_drift,4,data/nodementia/Christopher Plummer/christopher plummer_3.wav,Christopher Plummer,0,,0.2626057212495618,,,clip
text_lr_no_drift,4,data/dementia/Dan Ingram/daningram_15.wav,Dan Ingram,1,15.0,0.30427382069388964,,,clip
text_lr_no_drift,4,data/nodementia/David Allan Coe/DavidAllanCoe_1.wav,David Allan Coe,0,,0.21154135288639897,,,clip
text_lr_no_drift,4,data/nodementia/David Allan Coe/DavidAllanCoe_2.wav,David Allan Coe,0,,0.29981300181052345,,,clip
text_lr_no_drift,4,data/nodementia/David Allan Coe/DavidAllanCoe_3.wav,David Allan Coe,0,,0.2497877737679319,,,clip
text_lr_no_drift,4,data/nodementia/David Attenboroug/David Attenboroug_3.wav,David Attenboroug,0,,0.31981683341161976,,,clip
text_lr_no_drift,4,data/dementia/David Prowse/DavidProwse_0.wav,David Prowse,1,0.0,0.2559008600596633,,,clip
text_lr_no_drift,4,data/dementia/David Prowse/DavidProwse_10.wav,David Prowse,1,10.0,0.23804134384455852,,,clip
text_lr_no_drift,4,data/dementia/David Prowse/DavidProwse_5.wav,David Prowse,1,5.0,0.5287772426441308,,,clip
text_lr_no_drift,4,data/dementia/Don Lane/DonLane_0.wav,Don Lane,1,0.0,0.25851105549833536,,,clip
text_lr_no_drift,4,data/nodementia/Frank Vincent/FrankVincent_2.wav,Frank Vincent,0,,0.27334762006857893,,,clip
text_lr_no_drift,4,data/nodementia/Frank Vincent/FrankVincent_3.wav,Frank Vincent,0,,0.1929565375916883,,,clip
text_lr_no_drift,4,data/nodementia/Gilberto Gil/GilbertoGil_1.wav,Gilberto Gil,0,,0.5435884181337848,,,clip
text_lr_no_drift,4,data/nodementia/Gilberto Gil/GilbertoGil_2.wav,Gilberto Gil,0,,0.19393669233736785,,,clip
text_lr_no_drift,4,data/nodementia/Gilberto Gil/GilbertoGil_3.wav,Gilberto Gil,0,,0.24927792540533975,,,clip
text_lr_no_drift,4,data/nodementia/Hank Aaron/HankAaron_1.wav,Hank Aaron,0,,0.30316037384826683,,,clip
text_lr_no_drift,4,data/nodementia/Hank Aaron/HankAaron_2.wav,Hank Aaron,0,,0.23291274097412604,,,clip
text_lr_no_drift,4,data/nodementia/Hank Aaron/HankAaron_3.wav,Hank Aaron,0,,0.17648537457666977,,,clip
text_lr_no_drift,4,data/nodementia/Ian McKellen/IanMcKellen_1.wav,Ian McKellen,0,,0.6287630850599081,,,clip
text_lr_no_drift,4,data/nodementia/Ian McKellen/IanMcKellen_2.wav,Ian McKellen,0,,0.2813957120544203,,,clip
text_lr_no_drift,4,data/nodementia/Ian McKellen/IanMcKellen_3.wav,Ian McKellen,0,,0.2707194007637179,,,clip
text_lr_no_drift,4,data/dementia/Jack Hanna/JackHanna_10.wav,Jack Hanna,1,10.0,0.2721994166670434,,,clip
text_lr_no_drift,4,data/dementia/Jack Hanna/JackHanna_15.wav,Jack Hanna,1,15.0,0.2729431693933226,,,clip
text_lr_no_drift,4,data/dementia/Jack Webster/JackWebster_10.wav,Jack Webster,1,10.0,0.3405825968135697,,,clip
text_lr_no_drift,4,data/dementia/Jack Webster/JackWebster_5.wav,Jack Webster,1,5.0,0.41022578547676136,,,clip
text_lr_no_drift,4,data/nodementia/Jane Fonda/Jane Fonda_1.wav,Jane Fonda,0,,0.3029940319292123,,,clip
text_lr_no_drift,4,data/nodementia/Jane Fonda/JaneFonda_3.wav,Jane Fonda,0,,0.31047379953393284,,,clip
text_lr_no_drift,4,data/nodementia/Jerry Lewis/JerryLewis1.wav,Jerry Lewis,0,,0.23173140611860313,,,clip
text_lr_no_drift,4,data/nodementia/Jerry Lewis/JerryLewis2.wav,Jerry Lewis,0,,0.2296592223047043,,,clip
text_lr_no_drift,4,data/nodementia/Jerry Lewis/JerryLewis3.wav,Jerry Lewis,0,,0.4654985118440989,,,clip
text_lr_no_drift,4,data/nodementia/Judi Dench/Judi Dench_2.wav,Judi Dench,0,,0.5489980325474059,,,clip
text_lr_no_drift,4,data/nodementia/Judi Dench/Judi Dench_3.wav,Judi Dench,0,,0.2761105029204859,,,clip
text_lr_no_drift,4,data/nodementia/Karl Lagerfeld/KarlLagerfeld_2.wav,Karl Lagerfeld,0,,0.17510640718874784,,,clip
text_lr_no_drift,4,data/nodementia/Karl Lagerfeld/KarlLagerfeld_3.wav,Karl Lagerfeld,0,,0.30055305722219366,,,clip
text_lr_no_drift,4,data/nodementia/Martin Landau/MartinLandau_1.wav,Martin Landau,0,,0.31423075998353556,,,clip
text_lr_no_drift,4,data/nodementia/Martin Landau/MartinLandau_2.wav,Martin Landau,0,,0.2961334954200412,,,clip
text_lr_no_drift,4,data/nodementia/Martin Landau/MartinLandau_3.wav,Martin Landau,0,,0.25704180178092967,,,clip
text_lr_no_drift,4,data/dementia/Maurice Hinchey/mauricehinchey_0_1.wav,Maurice Hinchey,1,0.0,0.23315754300821426,,,clip
text_lr_no_drift,4,data/dementia/Maurice Hinchey/mauricehinchey_0_2.wav,Maurice Hinchey,1,0.0,0.2906337815356531,,,clip
text_lr_no_drift,4,data/dementia/Maurice Hinchey/mauricehinchey_5.wav,Maurice Hinchey,1,5.0,0.28179238132095447,,,clip
text_lr_no_drift,4,data/nodementia/Max von Sydow/MaxvonSydow_1.wav,Max von Sydow,0,,0.25850055776166386,,,clip
text_lr_no_drift,4,data/nodementia/Max von Sydow/MaxvonSydow_3.wav,Max von Sydow,0,,0.2536031810518444,,,clip
text_lr_no_drift,4,data/nodementia/Michael Cimino/MichaelCimino_2.wav,Michael Cimino,0,,0.25377827986432683,,,clip
text_lr_no_drift,4,data/nodementia/Michael Gambon/MichaelGambon_2.wav,Michael Gambon,0,,0.2981178311936892,,,clip
text_lr_no_drift,4,data/nodementia/Michael Gambon/MichaelGambon_3.wav,Michael Gambon,0,,0.17734536122219025,,,clip
text_lr_no_drift,4,data/dementia/Otis Chandler/OtisChandler_5.wav,Otis Chandler,1,5.0,0.2603542999095939,,,clip
text_lr_no_drift,4,data/nodementia/Prince Philip/Prince Philip_1.wav,Prince Philip,0,,0.6130635846154756,,,clip
text_lr_no_drift,4,data/nodementia/Prince Philip/Prince Philip_2.wav,Prince Philip,0,,0.2331476890296048,,,clip
text_lr_no_drift,4,data/nodementia/Prince Philip/Prince Philip_3.wav,Prince Philip,0,,0.29622811461341164,,,clip
text_lr_no_drift,4,data/dementia/Ray Dolby/RayDolby_0.wav,Ray Dolby,1,0.0,0.31734866673178813,,,clip
text_lr_no_drift,4,data/dementia/Ray Dolby/RayDolby_10.wav,Ray Dolby,1,10.0,0.3037468577483409,,,clip
text_lr_no_drift,4,data/nodementia/Sidney Poiter/sidney poiter_1.wav,Sidney Poiter,0,,0.23752569971704124,,,clip
text_lr_no_drift,4,data/nodementia/Sidney Poiter/sidney poiter_2.wav,Sidney Poiter,0,,0.13054239992450228,,,clip
text_lr_no_drift,4,data/nodementia/Sidney Poiter/sidney poiter_3.wav,Sidney Poiter,0,,0.2181518142027002,,,clip
text_lr_no_drift,4,data/nodementia/Sophia Loren/SophiaLoren_1.wav,Sophia Loren,0,,0.23080890211935431,,,clip
text_lr_no_drift,4,data/nodementia/Sophia Loren/SophiaLoren_2.wav,Sophia Loren,0,,0.2426522517175577,,,clip
text_lr_no_drift,4,data/nodementia/Steve Reich/SteveReich_2.wav,Steve Reich,0,,0.23758064197595283,,,clip
text_lr_no_drift,4,data/nodementia/Steve Reich/SteveReich_3.wav,Steve Reich,0,,0.21599963944602574,,,clip
text_lr_no_drift,4,data/dementia/Terry Pratchett/TerryPratchett_0.wav,Terry Pratchett,1,0.0,0.2611955038444547,,,clip
text_lr_no_drift,4,data/dementia/Terry Pratchett/TerryPratchett_5.wav,Terry Pratchett,1,5.0,0.6914187068066852,,,clip
text_lr_no_drift,4,data/dementia/Thomas Dorsey/thomasdorsey_0.wav,Thomas Dorsey,1,0.0,0.3027294795101012,,,clip
text_lr_no_drift,4,data/dementia/Unita Blackwell/UnitaBlackwell_15.wav,Unita Blackwell,1,15.0,0.18873861410360035,,,clip
text_lr_no_drift,4,data/nodementia/Walter Mondale/WalterMondale_3.wav,Walter Mondale,0,,0.31416880265491914,,,clip
text_lr_no_drift,4,data/nodementia/William Shatner/WilliamShatner_1.wav,William Shatner,0,,0.23498851882932753,,,clip
text_lr_no_drift,4,data/nodementia/William Shatner/WilliamShatner_2.wav,William Shatner,0,,0.2062829228270267,,,clip
text_lr_no_drift,4,data/nodementia/William Shatner/WilliamShatner_3.wav,William Shatner,0,,0.23634679100419168,,,clip
text_lr_no_drift,4,data/dementia/Woody Durham/woodydurham_0_2.wav,Woody Durham,1,0.0,0.24413251382155884,,,clip
text_lr_no_drift,4,,Allan Burns,1,5.0,0.33332687020739676,,,speaker
text_lr_no_drift,4,,Barry Cohen,1,5.0,0.23630962193260732,,,speaker
text_lr_no_drift,4,,Barry Levinson,0,,0.2558651046706734,,,speaker
text_lr_no_drift,4,,Ben Bradlee,1,5.0,0.2691325211871345,,,speaker
text_lr_no_drift,4,,Bob Barker,0,,0.2572260476660922,,,speaker
text_lr_no_drift,4,,Bob Dylan,0,,0.2785660325456411,,,speaker
text_lr_no_drift,4,,Burt Bacharach,0,,0.2665439142525477,,,speaker
text_lr_no_drift,4,,Calypso Rose,0,,0.26010639604713215,,,speaker
text_lr_no_drift,4,,Casey Kasem,1,5.0,0.26472570717467414,,,speaker
text_lr_no_drift,4,,Charles Aznavour,0,,0.3040015971353102,,,speaker
text_lr_no_drift,4,,Christopher Plummer,0,,0.3206942201815027,,,speaker
text_lr_no_drift,4,,Dan Ingram,1,15.0,0.30427382069388964,,,speaker
text_lr_no_drift,4,,David Allan Coe,0,,0.2537140428216181,,,speaker
text_lr_no_drift,4,,David Attenboroug,0,,0.31981683341161976,,,speaker
text_lr_no_drift,4,,David Prowse,1,0.0,0.34090648218278424,,,speaker
text_lr_no_drift,4,,Don Lane,1,0.0,0.25851105549833536,,,speaker
text_lr_no_drift,4,,Frank Vincent,0,,0.2331520788301336,,,speaker
text_lr_no_drift,4,,Gilberto Gil,0,,0.3289343452921641,,,speaker
text_lr_no_drift,4,,Hank Aaron,0,,0.2375194964663542,,,speaker
text_lr_no_drift,4,,Ian McKellen,0,,0.39362606595934874,,,speaker
text_lr_no_drift,4,,Jack Hanna,1,10.0,0.272571293030183,,,speaker
text_lr_no_drift,4,,Jack Webster,1,5.0,0.37540419114516554,,,speaker
text_lr_no_drift,4,,Jane Fonda,0,,0.3067339157315726,,,speaker
text_lr_no_drift,4,,Jerry Lewis,0,,0.3089630467558021,,,speaker
text_lr_no_drift,4,,Judi Dench,0,,0.4125542677339459,,,speaker
text_lr_no_drift,4,,Karl Lagerfeld,0,,0.23782973220547077,,,speaker
text_lr_no_drift,4,,Martin Landau,0,,0.28913535239483545,,,speaker
text_lr_no_drift,4,,Maurice Hinchey,1,0.0,0.26852790195494064,,,speaker
text_lr_no_drift,4,,Max von Sydow,0,,0.2560518694067541,,,speaker
text_lr_no_drift,4,,Michael Cimino,0,,0.25377827986432683,,,speaker
text_lr_no_drift,4,,Michael Gambon,0,,0.2377315962079397,,,speaker
text_lr_no_drift,4,,Otis Chandler,1,5.0,0.2603542999095939,,,speaker
text_lr_no_drift,4,,Prince Philip,0,,0.38081312941949735,,,speaker
text_lr_no_drift,4,,Ray Dolby,1,0.0,0.31054776224006453,,,speaker
text_lr_no_drift,4,,Sidney Poiter,0,,0.19540663794808122,,,speaker
text_lr_no_drift,4,,Sophia Loren,0,,0.236730576918456,,,speaker
text_lr_no_drift,4,,Steve Reich,0,,0.2267901407109893,,,speaker
text_lr_no_drift,4,,Terry Pratchett,1,0.0,0.47630710532556997,,,speaker
text_lr_no_drift,4,,Thomas Dorsey,1,0.0,0.3027294795101012,,,speaker
text_lr_no_drift,4,,Unita Blackwell,1,15.0,0.18873861410360035,,,speaker
text_lr_no_drift,4,,Walter Mondale,0,,0.31416880265491914,,,speaker
text_lr_no_drift,4,,William Shatner,0,,0.22587274422018197,,,speaker
text_lr_no_drift,4,,Woody Durham,1,0.0,0.24413251382155884,,,speaker
text_lr_traditional_only,4,data/dementia/Allan Burns/AllanBurns_5.wav,Allan Burns,1,5.0,0.34656949081900496,,,clip
text_lr_traditional_only,4,data/dementia/Barry Cohen/BarryCohen_5.wav,Barry Cohen,1,5.0,0.25507537037719313,,,clip
text_lr_traditional_only,4,data/nodementia/Barry Levinson/BarryLevinson_1.wav,Barry Levinson,0,,0.27604288185200354,,,clip
text_lr_traditional_only,4,data/nodementia/Barry Levinson/BarryLevinson_2.wav,Barry Levinson,0,,0.2670666342752079,,,clip
text_lr_traditional_only,4,data/nodementia/Barry Levinson/BarryLevinson_3.wav,Barry Levinson,0,,0.20607283860361783,,,clip
text_lr_traditional_only,4,data/dementia/Ben Bradlee/BenBradlee_15.wav,Ben Bradlee,1,15.0,0.25820734863821937,,,clip
text_lr_traditional_only,4,data/dementia/Ben Bradlee/BenBradlee_5.wav,Ben Bradlee,1,5.0,0.2909456490839597,,,clip
text_lr_traditional_only,4,data/nodementia/Bob Barker/bobbarker_2.wav,Bob Barker,0,,0.2711128239768781,,,clip
text_lr_traditional_only,4,data/nodementia/Bob Barker/bobbarker_3.wav,Bob Barker,0,,0.254967074067071,,,clip
text_lr_traditional_only,4,data/nodementia/Bob Dylan/BobDylan_1.wav,Bob Dylan,0,,0.2720673640904318,,,clip
text_lr_traditional_only,4,data/nodementia/Bob Dylan/BobDylan_2.wav,Bob Dylan,0,,0.262214282504251,,,clip
text_lr_traditional_only,4,data/nodementia/Bob Dylan/BobDylan_3.wav,Bob Dylan,0,,0.2648103990621564,,,clip
text_lr_traditional_only,4,data/nodementia/Burt Bacharach/Burt Bacharach_1.wav,Burt Bacharach,0,,0.2167116144980698,,,clip
text_lr_traditional_only,4,data/nodementia/Burt Bacharach/Burt Bacharach_2.wav,Burt Bacharach,0,,0.29031746674537284,,,clip
text_lr_traditional_only,4,data/nodementia/Burt Bacharach/Burt Bacharach_3.wav,Burt Bacharach,0,,0.3135447907531816,,,clip
text_lr_traditional_only,4,data/nodementia/Calypso Rose/CalypsoRose_3.wav,Calypso Rose,0,,0.18243362865327536,,,clip
text_lr_traditional_only,4,data/nodementia/Calypso Rose/CalypsoRose__1.wav,Calypso Rose,0,,0.3182387500887877,,,clip
text_lr_traditional_only,4,data/dementia/Casey Kasem/CaseyKasem_15.wav,Casey Kasem,1,15.0,0.2536289840160599,,,clip
text_lr_traditional_only,4,data/dementia/Casey Kasem/CaseyKasem_5.wav,Casey Kasem,1,5.0,0.27923963272568547,,,clip
text_lr_traditional_only,4,data/nodementia/Charles Aznavour/CharlesAznavour_1.wav,Charles Aznavour,0,,0.27619296113406216,,,clip
text_lr_traditional_only,4,data/nodementia/Charles Aznavour/CharlesAznavour_2.wav,Charles Aznavour,0,,0.37436205632074965,,,clip
text_lr_traditional_only,4,data/nodementia/Charles Aznavour/CharlesAznavour_3.wav,Charles Aznavour,0,,0.31982393013346067,,,clip
text_lr_traditional_only,4,data/nodementia/Christopher Plummer/christopher plummer_1.wav,Christopher Plummer,0,,0.3422066060092024,,,clip
text_lr_traditional_only,4,data/nodementia/Christopher Plummer/christopher plummer_2.wav,Christopher Plummer,0,,0.3581180224879707,,,clip
text_lr_traditional_only,4,data/nodementia/Christopher Plummer/christopher plummer_3.wav,Christopher Plummer,0,,0.2465062013723251,,,clip
text_lr_traditional_only,4,data/dementia/Dan Ingram/daningram_15.wav,Dan Ingram,1,15.0,0.29555521784221395,,,clip
text_lr_traditional_only,4,data/nodementia/David Allan Coe/DavidAllanCoe_1.wav,David Allan Coe,0,,0.21010394621088163,,,clip
text_lr_traditional_only,4,data/nodementia/David Allan Coe/DavidAllanCoe_2.wav,David Allan Coe,0,,0.2632004833196297,,,clip
text_lr_traditional_only,4,data/nodementia/David Allan Coe/DavidAllanCoe_3.wav,David Allan Coe,0,,0.2679966384937621,,,clip
text_lr_traditional_only,4,data/nodementia/David Attenboroug/David Attenboroug_3.wav,David Attenboroug,0,,0.3286517923781169,,,clip
text_lr_traditional_only,4,data/dementia/David Prowse/DavidProwse_0.wav,David Prowse,1,0.0,0.25699976066201013,,,clip
text_lr_traditional_only,4,data/dementia/David Prowse/DavidProwse_10.wav,David Prowse,1,10.0,0.23338945505175354,,,clip
text_lr_traditional_only,4,data/dementia/David Prowse/DavidProwse_5.wav,David Prowse,1,5.0,0.4534351200145317,,,clip
text_lr_traditional_only,4,data/dementia/Don Lane/DonLane_0.wav,Don Lane,1,0.0,0.23683279326605056,,,clip
text_lr_traditional_only,4,data/nodementia/Frank Vincent/FrankVincent_2.wav,Frank Vincent,0,,0.27106948809606213,,,clip
text_lr_traditional_only,4,data/nodementia/Frank Vincent/FrankVincent_3.wav,Frank Vincent,0,,0.19403651233783217,,,clip
text_lr_traditional_only,4,data/nodementia/Gilberto Gil/GilbertoGil_1.wav,Gilberto Gil,0,,0.5059512431962049,,,clip
text_lr_traditional_only,4,data/nodementia/Gilberto Gil/GilbertoGil_2.wav,Gilberto Gil,0,,0.19107630240039228,,,clip
text_lr_traditional_only,4,data/nodementia/Gilberto Gil/GilbertoGil_3.wav,Gilberto Gil,0,,0.24997614107809144,,,clip
text_lr_traditional_only,4,data/nodementia/Hank Aaron/HankAaron_1.wav,Hank Aaron,0,,0.32619978133925515,,,clip
text_lr_traditional_only,4,data/nodementia/Hank Aaron/HankAaron_2.wav,Hank Aaron,0,,0.2523777262469086,,,clip
text_lr_traditional_only,4,data/nodementia/Hank Aaron/HankAaron_3.wav,Hank Aaron,0,,0.17954838136574594,,,clip
text_lr_traditional_only,4,data/nodementia/Ian McKellen/IanMcKellen_1.wav,Ian McKellen,0,,0.5353878516945914,,,clip
text_lr_traditional_only,4,data/nodementia/Ian McKellen/IanMcKellen_2.wav,Ian McKellen,0,,0.2966152866817905,,,clip
text_lr_traditional_only,4,data/nodementia/Ian McKellen/IanMcKellen_3.wav,Ian McKellen,0,,0.2702340468629736,,,clip
text_lr_traditional_only,4,data/dementia/Jack Hanna/JackHanna_10.wav,Jack Hanna,1,10.0,0.2718953460273566,,,clip
text_lr_traditional_only,4,data/dementia/Jack Hanna/JackHanna_15.wav,Jack Hanna,1,15.0,0.2716888857675002,,,clip
text_lr_traditional_only,4,data/dementia/Jack Webster/JackWebster_10.wav,Jack Webster,1,10.0,0.3324777843873556,,,clip
text_lr_traditional_only,4,data/dementia/Jack Webster/JackWebster_5.wav,Jack Webster,1,5.0,0.4463661169349384,,,clip
text_lr_traditional_only,4,data/nodementia/Jane Fonda/Jane Fonda_1.wav,Jane Fonda,0,,0.31524542992064125,,,clip
text_lr_traditional_only,4,data/nodementia/Jane Fonda/JaneFonda_3.wav,Jane Fonda,0,,0.334954163938102,,,clip
text_lr_traditional_only,4,data/nodementia/Jerry Lewis/JerryLewis1.wav,Jerry Lewis,0,,0.21620440784173683,,,clip
text_lr_traditional_only,4,data/nodementia/Jerry Lewis/JerryLewis2.wav,Jerry Lewis,0,,0.23031294884153589,,,clip
text_lr_traditional_only,4,data/nodementia/Jerry Lewis/JerryLewis3.wav,Jerry Lewis,0,,0.5147981394515951,,,clip
text_lr_traditional_only,4,data/nodementia/Judi Dench/Judi Dench_2.wav,Judi Dench,0,,0.44521302347122066,,,clip
text_lr_traditional_only,4,data/nodementia/Judi Dench/Judi Dench_3.wav,Judi Dench,0,,0.25869898734431696,,,clip
text_lr_traditional_only,4,data/nodementia/Karl Lagerfeld/KarlLagerfeld_2.wav,Karl Lagerfeld,0,,0.15860415852596502,,,clip
text_lr_traditional_only,4,data/nodementia/Karl Lagerfeld/KarlLagerfeld_3.wav,Karl Lagerfeld,0,,0.2859825028735615,,,clip
text_lr_traditional_only,4,data/nodementia/Martin Landau/MartinLandau_1.wav,Martin Landau,0,,0.33962745557827567,,,clip
text_lr_traditional_only,4,data/nodementia/Martin Landau/MartinLandau_2.wav,Martin Landau,0,,0.29087511334085864,,,clip
text_lr_traditional_only,4,data/nodementia/Martin Landau/MartinLandau_3.wav,Martin Landau,0,,0.2548437364280359,,,clip
text_lr_traditional_only,4,data/dementia/Maurice Hinchey/mauricehinchey_0_1.wav,Maurice Hinchey,1,0.0,0.2651942944671784,,,clip
text_lr_traditional_only,4,data/dementia/Maurice Hinchey/mauricehinchey_0_2.wav,Maurice Hinchey,1,0.0,0.2852889868881402,,,clip
text_lr_traditional_only,4,data/dementia/Maurice Hinchey/mauricehinchey_5.wav,Maurice Hinchey,1,5.0,0.3074537876612078,,,clip
text_lr_traditional_only,4,data/nodementia/Max von Sydow/MaxvonSydow_1.wav,Max von Sydow,0,,0.2509082777516215,,,clip
text_lr_traditional_only,4,data/nodementia/Max von Sydow/MaxvonSydow_3.wav,Max von Sydow,0,,0.2614160811583486,,,clip
text_lr_traditional_only,4,data/nodementia/Michael Cimino/MichaelCimino_2.wav,Michael Cimino,0,,0.25367539507121556,,,clip
text_lr_traditional_only,4,data/nodementia/Michael Gambon/MichaelGambon_2.wav,Michael Gambon,0,,0.3026460378857072,,,clip
text_lr_traditional_only,4,data/nodementia/Michael Gambon/MichaelGambon_3.wav,Michael Gambon,0,,0.17803304717269644,,,clip
text_lr_traditional_only,4,data/dementia/Otis Chandler/OtisChandler_5.wav,Otis Chandler,1,5.0,0.2629394647554051,,,clip
text_lr_traditional_only,4,data/nodementia/Prince Philip/Prince Philip_1.wav,Prince Philip,0,,0.512764797994025,,,clip
text_lr_traditional_only,4,data/nodementia/Prince Philip/Prince Philip_2.wav,Prince Philip,0,,0.2415994346100049,,,clip
text_lr_traditional_only,4,data/nodementia/Prince Philip/Prince Philip_3.wav,Prince Philip,0,,0.30592975693192676,,,clip
text_lr_traditional_only,4,data/dementia/Ray Dolby/RayDolby_0.wav,Ray Dolby,1,0.0,0.32117217016403765,,,clip
text_lr_traditional_only,4,data/dementia/Ray Dolby/RayDolby_10.wav,Ray Dolby,1,10.0,0.3246954947482436,,,clip
text_lr_traditional_only,4,data/nodementia/Sidney Poiter/sidney poiter_1.wav,Sidney Poiter,0,,0.22922225096701926,,,clip
text_lr_traditional_only,4,data/nodementia/Sidney Poiter/sidney poiter_2.wav,Sidney Poiter,0,,0.1324565299480258,,,clip
text_lr_traditional_only,4,data/nodementia/Sidney Poiter/sidney poiter_3.wav,Sidney Poiter,0,,0.20389669342463881,,,clip
text_lr_traditional_only,4,data/nodementia/Sophia Loren/SophiaLoren_1.wav,Sophia Loren,0,,0.2258271781920545,,,clip
text_lr_traditional_only,4,data/nodementia/Sophia Loren/SophiaLoren_2.wav,Sophia Loren,0,,0.23839582553378907,,,clip
text_lr_traditional_only,4,data/nodementia/Steve Reich/SteveReich_2.wav,Steve Reich,0,,0.22579136864507635,,,clip
text_lr_traditional_only,4,data/nodementia/Steve Reich/SteveReich_3.wav,Steve Reich,0,,0.20714232175898895,,,clip
text_lr_traditional_only,4,data/dementia/Terry Pratchett/TerryPratchett_0.wav,Terry Pratchett,1,0.0,0.24488033191755856,,,clip
text_lr_traditional_only,4,data/dementia/Terry Pratchett/TerryPratchett_5.wav,Terry Pratchett,1,5.0,0.5875989193976988,,,clip
text_lr_traditional_only,4,data/dementia/Thomas Dorsey/thomasdorsey_0.wav,Thomas Dorsey,1,0.0,0.2865380389001451,,,clip
text_lr_traditional_only,4,data/dementia/Unita Blackwell/UnitaBlackwell_15.wav,Unita Blackwell,1,15.0,0.17987499025252834,,,clip
text_lr_traditional_only,4,data/nodementia/Walter Mondale/WalterMondale_3.wav,Walter Mondale,0,,0.3362029026757708,,,clip
text_lr_traditional_only,4,data/nodementia/William Shatner/WilliamShatner_1.wav,William Shatner,0,,0.22836120574200972,,,clip
text_lr_traditional_only,4,data/nodementia/William Shatner/WilliamShatner_2.wav,William Shatner,0,,0.20049735088703088,,,clip
text_lr_traditional_only,4,data/nodementia/William Shatner/WilliamShatner_3.wav,William Shatner,0,,0.23339027354805736,,,clip
text_lr_traditional_only,4,data/dementia/Woody Durham/woodydurham_0_2.wav,Woody Durham,1,0.0,0.2529024689066756,,,clip
text_lr_traditional_only,4,,Allan Burns,1,5.0,0.34656949081900496,,,speaker
text_lr_traditional_only,4,,Barry Cohen,1,5.0,0.25507537037719313,,,speaker
text_lr_traditional_only,4,,Barry Levinson,0,,0.2497274515769431,,,speaker
text_lr_traditional_only,4,,Ben Bradlee,1,5.0,0.27457649886108954,,,speaker
text_lr_traditional_only,4,,Bob Barker,0,,0.26303994902197453,,,speaker
text_lr_traditional_only,4,,Bob Dylan,0,,0.2663640152189464,,,speaker
text_lr_traditional_only,4,,Burt Bacharach,0,,0.2735246239988747,,,speaker
text_lr_traditional_only,4,,Calypso Rose,0,,0.2503361893710315,,,speaker
text_lr_traditional_only,4,,Casey Kasem,1,5.0,0.2664343083708727,,,speaker
text_lr_traditional_only,4,,Charles Aznavour,0,,0.3234596491960908,,,speaker
text_lr_traditional_only,4,,Christopher Plummer,0,,0.31561027662316604,,,speaker
text_lr_traditional_only,4,,Dan Ingram,1,15.0,0.29555521784221395,,,speaker
text_lr_traditional_only,4,,David Allan Coe,0,,0.24710035600809113,,,speaker
text_lr_traditional_only,4,,David Attenboroug,0,,0.3286517923781169,,,speaker
text_lr_traditional_only,4,,David Prowse,1,0.0,0.3146081119094318,,,speaker
text_lr_traditional_only,4,,Don Lane,1,0.0,0.23683279326605056,,,speaker
text_lr_traditional_only,4,,Frank Vincent,0,,0.23255300021694714,,,speaker
text_lr_traditional_only,4,,Gilberto Gil,0,,0.31566789555822955,,,speaker
text_lr_traditional_only,4,,Hank Aaron,0,,0.25270862965063656,,,speaker
text_lr_traditional_only,4,,Ian McKellen,0,,0.3674123950797852,,,speaker
text_lr_traditional_only,4,,Jack Hanna,1,10.0,0.2717921158974284,,,speaker
text_lr_traditional_only,4,,Jack Webster,1,5.0,0.389421950661147,,,speaker
text_lr_traditional_only,4,,Jane Fonda,0,,0.32509979692937163,,,speaker
text_lr_traditional_only,4,,Jerry Lewis,0,,0.3204384987116226,,,speaker
text_lr_traditional_only,4,,Judi Dench,0,,0.35195600540776883,,,speaker
text_lr_traditional_only,4,,Karl Lagerfeld,0,,0.22229333069976326,,,speaker
text_lr_traditional_only,4,,Martin Landau,0,,0.2951154351157234,,,speaker
text_lr_traditional_only,4,,Maurice Hinchey,1,0.0,0.2859790230055088,,,speaker
text_lr_traditional_only,4,,Max von Sydow,0,,0.25616217945498504,,,speaker
text_lr_traditional_only,4,,Michael Cimino,0,,0.25367539507121556,,,speaker
text_lr_traditional_only,4,,Michael Gambon,0,,0.2403395425292018,,,speaker
text_lr_traditional_only,4,,Otis Chandler,1,5.0,0.2629394647554051,,,speaker
text_lr_traditional_only,4,,Prince Philip,0,,0.3534313298453189,,,speaker
text_lr_traditional_only,4,,Ray Dolby,1,0.0,0.3229338324561406,,,speaker
text_lr_traditional_only,4,,Sidney Poiter,0,,0.18852515811322798,,,speaker
text_lr_traditional_only,4,,Sophia Loren,0,,0.2321115018629218,,,speaker
text_lr_traditional_only,4,,Steve Reich,0,,0.21646684520203263,,,speaker
text_lr_traditional_only,4,,Terry Pratchett,1,0.0,0.4162396256576287,,,speaker
text_lr_traditional_only,4,,Thomas Dorsey,1,0.0,0.2865380389001451,,,speaker
text_lr_traditional_only,4,,Unita Blackwell,1,15.0,0.17987499025252834,,,speaker
text_lr_traditional_only,4,,Walter Mondale,0,,0.3362029026757708,,,speaker
text_lr_traditional_only,4,,William Shatner,0,,0.22074961005903262,,,speaker
text_lr_traditional_only,4,,Woody Durham,1,0.0,0.2529024689066756,,,speaker
text_lr_novel_only,4,data/dementia/Allan Burns/AllanBurns_5.wav,Allan Burns,1,5.0,0.29806364318191847,,,clip
text_lr_novel_only,4,data/dementia/Barry Cohen/BarryCohen_5.wav,Barry Cohen,1,5.0,0.2405043583982469,,,clip
text_lr_novel_only,4,data/nodementia/Barry Levinson/BarryLevinson_1.wav,Barry Levinson,0,,0.2852454905864518,,,clip
text_lr_novel_only,4,data/nodementia/Barry Levinson/BarryLevinson_2.wav,Barry Levinson,0,,0.26804835572222707,,,clip
text_lr_novel_only,4,data/nodementia/Barry Levinson/BarryLevinson_3.wav,Barry Levinson,0,,0.2545533325215155,,,clip
text_lr_novel_only,4,data/dementia/Ben Bradlee/BenBradlee_15.wav,Ben Bradlee,1,15.0,0.25162622062642304,,,clip
text_lr_novel_only,4,data/dementia/Ben Bradlee/BenBradlee_5.wav,Ben Bradlee,1,5.0,0.27503325412366003,,,clip
text_lr_novel_only,4,data/nodementia/Bob Barker/bobbarker_2.wav,Bob Barker,0,,0.30017374351611387,,,clip
text_lr_novel_only,4,data/nodementia/Bob Barker/bobbarker_3.wav,Bob Barker,0,,0.2607463239504574,,,clip
text_lr_novel_only,4,data/nodementia/Bob Dylan/BobDylan_1.wav,Bob Dylan,0,,0.2501215220167519,,,clip
text_lr_novel_only,4,data/nodementia/Bob Dylan/BobDylan_2.wav,Bob Dylan,0,,0.33892032564414004,,,clip
text_lr_novel_only,4,data/nodementia/Bob Dylan/BobDylan_3.wav,Bob Dylan,0,,0.29136785163090295,,,clip
text_lr_novel_only,4,data/nodementia/Burt Bacharach/Burt Bacharach_1.wav,Burt Bacharach,0,,0.2675475888805344,,,clip
text_lr_novel_only,4,data/nodementia/Burt Bacharach/Burt Bacharach_2.wav,Burt Bacharach,0,,0.2619326275787177,,,clip
text_lr_novel_only,4,data/nodementia/Burt Bacharach/Burt Bacharach_3.wav,Burt Bacharach,0,,0.2699244347131047,,,clip
text_lr_novel_only,4,data/nodementia/Calypso Rose/CalypsoRose_3.wav,Calypso Rose,0,,0.30018219859186046,,,clip
text_lr_novel_only,4,data/nodementia/Calypso Rose/CalypsoRose__1.wav,Calypso Rose,0,,0.3100229653104377,,,clip
text_lr_novel_only,4,data/dementia/Casey Kasem/CaseyKasem_15.wav,Casey Kasem,1,15.0,0.23451679198656855,,,clip
text_lr_novel_only,4,data/dementia/Casey Kasem/CaseyKasem_5.wav,Casey Kasem,1,5.0,0.299144317798714,,,clip
text_lr_novel_only,4,data/nodementia/Charles Aznavour/CharlesAznavour_1.wav,Charles Aznavour,0,,0.29131363625627515,,,clip
text_lr_novel_only,4,data/nodementia/Charles Aznavour/CharlesAznavour_2.wav,Charles Aznavour,0,,0.38284265136369106,,,clip
text_lr_novel_only,4,data/nodementia/Charles Aznavour/CharlesAznavour_3.wav,Charles Aznavour,0,,0.25416143082369674,,,clip
text_lr_novel_only,4,data/nodementia/Christopher Plummer/christopher plummer_1.wav,Christopher Plummer,0,,0.30609322085296836,,,clip
text_lr_novel_only,4,data/nodementia/Christopher Plummer/christopher plummer_2.wav,Christopher Plummer,0,,0.3137207426907351,,,clip
text_lr_novel_only,4,data/nodementia/Christopher Plummer/christopher plummer_3.wav,Christopher Plummer,0,,0.29189382659407465,,,clip
text_lr_novel_only,4,data/dementia/Dan Ingram/daningram_15.wav,Dan Ingram,1,15.0,0.31739592299925645,,,clip
text_lr_novel_only,4,data/nodementia/David Allan Coe/DavidAllanCoe_1.wav,David Allan Coe,0,,0.24685179729203785,,,clip
text_lr_novel_only,4,data/nodementia/David Allan Coe/DavidAllanCoe_2.wav,David Allan Coe,0,,0.3689212855626751,,,clip
text_lr_novel_only,4,data/nodementia/David Allan Coe/DavidAllanCoe_3.wav,David Allan Coe,0,,0.2655974039960836,,,clip
text_lr_novel_only,4,data/nodementia/David Attenboroug/David Attenboroug_3.wav,David Attenboroug,0,,0.2740508986644659,,,clip
text_lr_novel_only,4,data/dementia/David Prowse/DavidProwse_0.wav,David Prowse,1,0.0,0.26483306801163803,,,clip
text_lr_novel_only,4,data/dementia/David Prowse/DavidProwse_10.wav,David Prowse,1,10.0,0.25665860556317976,,,clip
text_lr_novel_only,4,data/dementia/David Prowse/DavidProwse_5.wav,David Prowse,1,5.0,0.5573858677011609,,,clip
text_lr_novel_only,4,data/dementia/Don Lane/DonLane_0.wav,Don Lane,1,0.0,0.30543964996509576,,,clip
text_lr_novel_only,4,data/nodementia/Frank Vincent/FrankVincent_2.wav,Frank Vincent,0,,0.27685812576141633,,,clip
text_lr_novel_only,4,data/nodementia/Frank Vincent/FrankVincent_3.wav,Frank Vincent,0,,0.2602400577807807,,,clip
text_lr_novel_only,4,data/nodementia/Gilberto Gil/GilbertoGil_1.wav,Gilberto Gil,0,,0.49226460225722524,,,clip
text_lr_novel_only,4,data/nodementia/Gilberto Gil/GilbertoGil_2.wav,Gilberto Gil,0,,0.2342398376424436,,,clip
text_lr_novel_only,4,data/nodementia/Gilberto Gil/GilbertoGil_3.wav,Gilberto Gil,0,,0.318174449139639,,,clip
text_lr_novel_only,4,data/nodementia/Hank Aaron/HankAaron_1.wav,Hank Aaron,0,,0.25012337982652133,,,clip
text_lr_novel_only,4,data/nodementia/Hank Aaron/HankAaron_2.wav,Hank Aaron,0,,0.23171894130527726,,,clip
text_lr_novel_only,4,data/nodementia/Hank Aaron/HankAaron_3.wav,Hank Aaron,0,,0.24850071654798558,,,clip
text_lr_novel_only,4,data/nodementia/Ian McKellen/IanMcKellen_1.wav,Ian McKellen,0,,0.608460046237218,,,clip
text_lr_novel_only,4,data/nodementia/Ian McKellen/IanMcKellen_2.wav,Ian McKellen,0,,0.2506281607507124,,,clip
text_lr_novel_only,4,data/nodementia/Ian McKellen/IanMcKellen_3.wav,Ian McKellen,0,,0.2608980510714073,,,clip
text_lr_novel_only,4,data/dementia/Jack Hanna/JackHanna_10.wav,Jack Hanna,1,10.0,0.27436116132107885,,,clip
text_lr_novel_only,4,data/dementia/Jack Hanna/JackHanna_15.wav,Jack Hanna,1,15.0,0.2727758998954697,,,clip
text_lr_novel_only,4,data/dementia/Jack Webster/JackWebster_10.wav,Jack Webster,1,10.0,0.34556405523677963,,,clip
text_lr_novel_only,4,data/dementia/Jack Webster/JackWebster_5.wav,Jack Webster,1,5.0,0.28658051421085184,,,clip
text_lr_novel_only,4,data/nodementia/Jane Fonda/Jane Fonda_1.wav,Jane Fonda,0,,0.25695972971667863,,,clip
text_lr_novel_only,4,data/nodementia/Jane Fonda/JaneFonda_3.wav,Jane Fonda,0,,0.24635922959778603,,,clip
text_lr_novel_only,4,data/nodementia/Jerry Lewis/JerryLewis1.wav,Jerry Lewis,0,,0.26373142529492993,,,clip
text_lr_novel_only,4,data/nodementia/Jerry Lewis/JerryLewis2.wav,Jerry Lewis,0,,0.24500331640135842,,,clip
text_lr_novel_only,4,data/nodementia/Jerry Lewis/JerryLewis3.wav,Jerry Lewis,0,,0.29020629629268485,,,clip
text_lr_novel_only,4,data/nodementia/Judi Dench/Judi Dench_2.wav,Judi Dench,0,,0.604606732477609,,,clip
text_lr_novel_only,4,data/nodementia/Judi Dench/Judi Dench_3.wav,Judi Dench,0,,0.2909811330161339,,,clip
text_lr_novel_only,4,data/nodementia/Karl Lagerfeld/KarlLagerfeld_2.wav,Karl Lagerfeld,0,,0.3688334777399086,,,clip
text_lr_novel_only,4,data/nodementia/Karl Lagerfeld/KarlLagerfeld_3.wav,Karl Lagerfeld,0,,0.2970783270595516,,,clip
text_lr_novel_only,4,data/nodementia/Martin Landau/MartinLandau_1.wav,Martin Landau,0,,0.24771903223213243,,,clip
text_lr_novel_only,4,data/nodementia/Martin Landau/MartinLandau_2.wav,Martin Landau,0,,0.2803353812989792,,,clip
text_lr_novel_only,4,data/nodementia/Martin Landau/MartinLandau_3.wav,Martin Landau,0,,0.28163954312270284,,,clip
text_lr_novel_only,4,data/dementia/Maurice Hinchey/mauricehinchey_0_1.wav,Maurice Hinchey,1,0.0,0.21332359586575478,,,clip
text_lr_novel_only,4,data/dementia/Maurice Hinchey/mauricehinchey_0_2.wav,Maurice Hinchey,1,0.0,0.3596561523533447,,,clip
text_lr_novel_only,4,data/dementia/Maurice Hinchey/mauricehinchey_5.wav,Maurice Hinchey,1,5.0,0.24989134283662964,,,clip
text_lr_novel_only,4,data/nodementia/Max von Sydow/MaxvonSydow_1.wav,Max von Sydow,0,,0.3156339837183989,,,clip
text_lr_novel_only,4,data/nodementia/Max von Sydow/MaxvonSydow_3.wav,Max von Sydow,0,,0.26939283134126996,,,clip
text_lr_novel_only,4,data/nodementia/Michael Cimino/MichaelCimino_2.wav,Michael Cimino,0,,0.259167084333872,,,clip
text_lr_novel_only,4,data/nodementia/Michael Gambon/MichaelGambon_2.wav,Michael Gambon,0,,0.2759570117343524,,,clip
text_lr_novel_only,4,data/nodementia/Michael Gambon/MichaelGambon_3.wav,Michael Gambon,0,,0.2337616649979309,,,clip
text_lr_novel_only,4,data/dementia/Otis Chandler/OtisChandler_5.wav,Otis Chandler,1,5.0,0.28185295848669806,,,clip
text_lr_novel_only,4,data/nodementia/Prince Philip/Prince Philip_1.wav,Prince Philip,0,,0.6178025778260234,,,clip
text_lr_novel_only,4,data/nodementia/Prince Philip/Prince Philip_2.wav,Prince Philip,0,,0.23622592817610505,,,clip
text_lr_novel_only,4,data/nodementia/Prince Philip/Prince Philip_3.wav,Prince Philip,0,,0.2713723131314164,,,clip
text_lr_novel_only,4,data/dementia/Ray Dolby/RayDolby_0.wav,Ray Dolby,1,0.0,0.32654556530563716,,,clip
text_lr_novel_only,4,data/dementia/Ray Dolby/RayDolby_10.wav,Ray Dolby,1,10.0,0.290515221090982,,,clip
text_lr_novel_only,4,data/nodementia/Sidney Poiter/sidney poiter_1.wav,Sidney Poiter,0,,0.2922020587527814,,,clip
text_lr_novel_only,4,data/nodementia/Sidney Poiter/sidney poiter_2.wav,Sidney Poiter,0,,0.21868261898919203,,,clip
text_lr_novel_only,4,data/nodementia/Sidney Poiter/sidney poiter_3.wav,Sidney Poiter,0,,0.25784101406756815,,,clip
text_lr_novel_only,4,data/nodementia/Sophia Loren/SophiaLoren_1.wav,Sophia Loren,0,,0.2797013542149007,,,clip
text_lr_novel_only,4,data/nodementia/Sophia Loren/SophiaLoren_2.wav,Sophia Loren,0,,0.2536746389128953,,,clip
text_lr_novel_only,4,data/nodementia/Steve Reich/SteveReich_2.wav,Steve Reich,0,,0.276843501336454,,,clip
text_lr_novel_only,4,data/nodementia/Steve Reich/SteveReich_3.wav,Steve Reich,0,,0.2642293338186021,,,clip
text_lr_novel_only,4,data/dementia/Terry Pratchett/TerryPratchett_0.wav,Terry Pratchett,1,0.0,0.30479463396254597,,,clip
text_lr_novel_only,4,data/dementia/Terry Pratchett/TerryPratchett_5.wav,Terry Pratchett,1,5.0,0.65036691188395,,,clip
text_lr_novel_only,4,data/dementia/Thomas Dorsey/thomasdorsey_0.wav,Thomas Dorsey,1,0.0,0.3598761499507231,,,clip
text_lr_novel_only,4,data/dementia/Unita Blackwell/UnitaBlackwell_15.wav,Unita Blackwell,1,15.0,0.2788788306804668,,,clip
text_lr_novel_only,4,data/nodementia/Walter Mondale/WalterMondale_3.wav,Walter Mondale,0,,0.2702706389317651,,,clip
text_lr_novel_only,4,data/nodementia/William Shatner/WilliamShatner_1.wav,William Shatner,0,,0.27184222046539036,,,clip
text_lr_novel_only,4,data/nodementia/William Shatner/WilliamShatner_2.wav,William Shatner,0,,0.2708022865514755,,,clip
text_lr_novel_only,4,data/nodementia/William Shatner/WilliamShatner_3.wav,William Shatner,0,,0.2870908464221309,,,clip
text_lr_novel_only,4,data/dementia/Woody Durham/woodydurham_0_2.wav,Woody Durham,1,0.0,0.23782879346701308,,,clip
text_lr_novel_only,4,,Allan Burns,1,5.0,0.29806364318191847,,,speaker
text_lr_novel_only,4,,Barry Cohen,1,5.0,0.2405043583982469,,,speaker
text_lr_novel_only,4,,Barry Levinson,0,,0.2692823929433981,,,speaker
text_lr_novel_only,4,,Ben Bradlee,1,5.0,0.2633297373750415,,,speaker
text_lr_novel_only,4,,Bob Barker,0,,0.28046003373328565,,,speaker
text_lr_novel_only,4,,Bob Dylan,0,,0.2934698997639316,,,speaker
text_lr_novel_only,4,,Burt Bacharach,0,,0.2664682170574523,,,speaker
text_lr_novel_only,4,,Calypso Rose,0,,0.3051025819511491,,,speaker
text_lr_novel_only,4,,Casey Kasem,1,5.0,0.2668305548926413,,,speaker
text_lr_novel_only,4,,Charles Aznavour,0,,0.309439239481221,,,speaker
text_lr_novel_only,4,,Christopher Plummer,0,,0.30390259671259273,,,speaker
text_lr_novel_only,4,,Dan Ingram,1,15.0,0.31739592299925645,,,speaker
text_lr_novel_only,4,,David Allan Coe,0,,0.29379016228359883,,,speaker
text_lr_novel_only,4,,David Attenboroug,0,,0.2740508986644659,,,speaker
text_lr_novel_only,4,,David Prowse,1,0.0,0.3596258470919929,,,speaker
text_lr_novel_only,4,,Don Lane,1,0.0,0.30543964996509576,,,speaker
text_lr_novel_only,4,,Frank Vincent,0,,0.26854909177109854,,,speaker
text_lr_novel_only,4,,Gilberto Gil,0,,0.3482262963464359,,,speaker
text_lr_novel_only,4,,Hank Aaron,0,,0.24344767922659472,,,speaker
text_lr_novel_only,4,,Ian McKellen,0,,0.37332875268644594,,,speaker
text_lr_novel_only,4,,Jack Hanna,1,10.0,0.27356853060827424,,,speaker
text_lr_novel_only,4,,Jack Webster,1,5.0,0.31607228472381577,,,speaker
text_lr_novel_only,4,,Jane Fonda,0,,0.25165947965723234,,,speaker
text_lr_novel_only,4,,Jerry Lewis,0,,0.2663136793296577,,,speaker
text_lr_novel_only,4,,Judi Dench,0,,0.4477939327468714,,,speaker
text_lr_novel_only,4,,Karl Lagerfeld,0,,0.3329559023997301,,,speaker
text_lr_novel_only,4,,Martin Landau,0,,0.2698979855512715,,,speaker
text_lr_novel_only,4,,Maurice Hinchey,1,0.0,0.274290363685243,,,speaker
text_lr_novel_only,4,,Max von Sydow,0,,0.29251340752983446,,,speaker
text_lr_novel_only,4,,Michael Cimino,0,,0.259167084333872,,,speaker
text_lr_novel_only,4,,Michael Gambon,0,,0.25485933836614166,,,speaker
text_lr_novel_only,4,,Otis Chandler,1,5.0,0.28185295848669806,,,speaker
text_lr_novel_only,4,,Prince Philip,0,,0.3751336063778483,,,speaker
text_lr_novel_only,4,,Ray Dolby,1,0.0,0.30853039319830955,,,speaker
text_lr_novel_only,4,,Sidney Poiter,0,,0.2562418972698472,,,speaker
text_lr_novel_only,4,,Sophia Loren,0,,0.266687996563898,,,speaker
text_lr_novel_only,4,,Steve Reich,0,,0.27053641757752805,,,speaker
text_lr_novel_only,4,,Terry Pratchett,1,0.0,0.47758077292324796,,,speaker
text_lr_novel_only,4,,Thomas Dorsey,1,0.0,0.3598761499507231,,,speaker
text_lr_novel_only,4,,Unita Blackwell,1,15.0,0.2788788306804668,,,speaker
text_lr_novel_only,4,,Walter Mondale,0,,0.2702706389317651,,,speaker
text_lr_novel_only,4,,William Shatner,0,,0.2765784511463322,,,speaker
text_lr_novel_only,4,,Woody Durham,1,0.0,0.23782879346701308,,,speaker
text_lr_no_entropy,5,data/dementia/Aileen Hernandez/aileenhernandez_0.wav,Aileen Hernandez,1,0.0,0.27903332005667575,,,clip
text_lr_no_entropy,5,data/dementia/Aileen Hernandez/aileenhernandez_5_1.wav,Aileen Hernandez,1,5.0,0.25507038644416,,,clip
text_lr_no_entropy,5,data/dementia/Aileen Hernandez/aileenhernandez_5_2.wav,Aileen Hernandez,1,5.0,0.3580121758462054,,,clip
text_lr_no_entropy,5,data/nodementia/Bernie Sanders/BernieSanders_3.wav,Bernie Sanders,0,,0.35182499537759193,,,clip
text_lr_no_entropy,5,data/nodementia/Betty White/Betty White_1.wav,Betty White,0,,0.24035772205755185,,,clip
text_lr_no_entropy,5,data/nodementia/Betty White/Betty White_2.wav,Betty White,0,,0.3735572539572806,,,clip
text_lr_no_entropy,5,data/nodementia/Betty White/Betty White_3.wav,Betty White,0,,0.2325721177702432,,,clip
text_lr_no_entropy,5,data/nodementia/Bill Wyman/BillWyman_1.wav,Bill Wyman,0,,0.1446628805935206,,,clip
text_lr_no_entropy,5,data/nodementia/Bill Wyman/BillWyman_2.wav,Bill Wyman,0,,0.2513190484174285,,,clip
text_lr_no_entropy,5,data/nodementia/Bill Wyman/BillWyman_3.wav,Bill Wyman,0,,0.1884565335317924,,,clip
text_lr_no_entropy,5,data/nodementia/Bob Dole/BobDole_1.wav,Bob Dole,0,,0.25432876961275197,,,clip
text_lr_no_entropy,5,data/nodementia/Bob Dole/BobDole_2.wav,Bob Dole,0,,0.2810579201648711,,,clip
text_lr_no_entropy,5,data/nodementia/Bob Dole/BobDole_3.wav,Bob Dole,0,,0.4659916570928221,,,clip
text_lr_no_entropy,5,data/nodementia/Clint Eastwood/Clint Eastwood_1.wav,Clint Eastwood,0,,0.5203040338035443,,,clip
text_lr_no_entropy,5,data/nodementia/Clint Eastwood/Clint Eastwood_2.wav,Clint Eastwood,0,,0.2707570938284256,,,clip
text_lr_no_entropy,5,data/nodementia/Clint Eastwood/Clint Eastwood_3.wav,Clint Eastwood,0,,0.21245577536218846,,,clip
text_lr_no_entropy,5,data/nodementia/Dick Cavett/DickCavett_1.wav,Dick Cavett,0,,0.23437147050925025,,,clip
text_lr_no_entropy,5,data/nodementia/Dick Cavett/DickCavett_3.wav,Dick Cavett,0,,0.32340186507688096,,,clip
text_lr_no_entropy,5,data/nodementia/Dick van Patten/DickVanPatten_1.wav,Dick van Patten,0,,0.2546232969367619,,,clip
text_lr_no_entropy,5,data/nodementia/Dick van Patten/DickVanPatten_3.wav,Dick van Patten,0,,0.2840178794037958,,,clip
text_lr_no_entropy,5,data/dementia/Emile Griffith/emilegriffith_5.wav,Emile Griffith,1,5.0,0.3066262262015425,,,clip
text_lr_no_entropy,5,data/dementia/Evelyn Keyes/EvelynKeyes_0.wav,Evelyn Keyes,1,0.0,0.22409696795355935,,,clip
text_lr_no_entropy,5,data/dementia/Evelyn Keyes/EvelynKeyes_10.wav,Evelyn Keyes,1,10.0,0.2555246951056495,,,clip
text_lr_no_entropy,5,data/nodementia/Francis Ford Coppola/FrancisFordCoppola_2.wav,Francis Ford Coppola,0,,0.2521042096703776,,,clip
text_lr_no_entropy,5,data/nodementia/Francis Ford Coppola/FrancisFordCoppola_3.wav,Francis Ford Coppola,0,,0.2326824061443816,,,clip
text_lr_no_entropy,5,data/nodementia/Harvey Keitel/HarveyKeitel_1.wav,Harvey Keitel,0,,0.4132578915522465,,,clip
text_lr_no_entropy,5,data/nodementia/Harvey Keitel/HarveyKeitel_2.wav,Harvey Keitel,0,,0.28796727052277954,,,clip
text_lr_no_entropy,5,data/nodementia/Harvey Keitel/HarveyKeitel_3.wav,Harvey Keitel,0,,0.29189258433196696,,,clip
text_lr_no_entropy,5,data/nodementia/James Brolin/JamesBrolin_1.wav,James Brolin,0,,0.3018739619726713,,,clip
text_lr_no_entropy,5,data/nodementia/James Brolin/JamesBrolin_2.wav,James Brolin,0,,0.27025281730078027,,,clip
text_lr_no_entropy,5,data/nodementia/James Brolin/JamesBrolin_3.wav,James Brolin,0,,0.4182701186441877,,,clip
text_lr_no_entropy,5,data/nodementia/James Earl Jones/james earl jones_1.wav,James Earl Jones,0,,0.29099579484604504,,,clip
text_lr_no_entropy,5,data/nodementia/James Earl Jones/james earl jones_2.wav,James Earl Jones,0,,0.4019488261638839,,,clip
text_lr_no_entropy,5,data/nodementia/Jerry Stiller/JerryStiller_2.wav,Jerry Stiller,0,,0.217391672971337,,,clip
text_lr_no_entropy,5,data/nodementia/Jerry Stiller/JerryStiller_3.wav,Jerry Stiller,0,,0.20264662771625952,,,clip
text_lr_no_entropy,5,data/dementia/Jesse Helms/jessehelms_0.wav,Jesse Helms,1,0.0,0.3903313629054839,,,clip
text_lr_no_entropy,5,data/dementia/Jesse Helms/jessehelms_5_1.wav,Jesse Helms,1,5.0,0.27742409874421686,,,clip
text_lr_no_entropy,5,data/dementia/Jesse Helms/jessehelms_5_2.wav,Jesse Helms,1,5.0,0.21967230272818514,,,clip
text_lr_no_entropy,5,data/dementia/Jessejackson/Jessejackson_0.wav,Jessejackson,1,0.0,0.30157974577113716,,,clip
text_lr_no_entropy,5,data/dementia/John Mackey/johnmackey_15_1.wav,John Mackey,1,15.0,0.24596360653070004,,,clip
text_lr_no_entropy,5,data/dementia/John Mackey/johnmackey_15_2.wav,John Mackey,1,15.0,0.2307204966774211,,,clip
text_lr_no_entropy,5,data/nodementia/Jon Voight/JonVoight_1.wav,Jon Voight,0,,0.2648372693562149,,,clip
text_lr_no_entropy,5,data/nodementia/Jon Voight/JonVoight_2.wav,Jon Voight,0,,0.21801919216984803,,,clip
text_lr_no_entropy,5,data/nodementia/Jon Voight/JonVoight_3.wav,Jon Voight,0,,0.2533315737555563,,,clip
text_lr_no_entropy,5,data/dementia/Jonathan Miller/JonathanMiller_5.wav,Jonathan Miller,1,5.0,0.23770907326925728,,,clip
text_lr_no_entropy,5,data/nodementia/Kenny Rogers/KennyRogers_1.wav,Kenny Rogers,0,,0.3573861113398336,,,clip
text_lr_no_entropy,5,data/nodementia/Kenny Rogers/KennyRogers_3.wav,Kenny Rogers,0,,0.23027666789250692,,,clip
text_lr_no_entropy,5,data/dementia/Leon Redbone/leonredbone_15.wav,Leon Redbone,1,15.0,0.15625968958616743,,,clip
text_lr_no_entropy,5,data/nodementia/Martin Sheen/MartinSheen_1.wav,Martin Sheen,0,,0.30840467367699537,,,clip
text_lr_no_entropy,5,data/nodementia/Martin Sheen/MartinSheen_2.wav,Martin Sheen,0,,0.20831699955097457,,,clip
text_lr_no_entropy,5,data/nodementia/Martin Sheen/MartinSheen_3.wav,Martin Sheen,0,,0.31889430223599063,,,clip
text_lr_no_entropy,5,data/nodementia/Nana Mouskouri/NanaMouskouri_1.wav,Nana Mouskouri,0,,0.24049068335357368,,,clip
text_lr_no_entropy,5,data/nodementia/Nana Mouskouri/NanaMouskouri_3.wav,Nana Mouskouri,0,,0.20721414993300133,,,clip
text_lr_no_entropy,5,data/nodementia/Paul McCartney/PaulMcCartney_1.wav,Paul McCartney,0,,0.5162919001824162,,,clip
text_lr_no_entropy,5,data/nodementia/Paul McCartney/PaulMcCartney_2.wav,Paul McCartney,0,,0.30404175196903155,,,clip
text_lr_no_entropy,5,data/nodementia/Paul McCartney/PaulMcCartney_3.wav,Paul McCartney,0,,0.2538980818887134,,,clip
text_lr_no_entropy,5,data/nodementia/Paul Sorvino/PaulSorvino_2.wav,Paul Sorvino,0,,0.17610158854088123,,,clip
text_lr_no_entropy,5,data/nodementia/Paul Sorvino/PaulSorvino_3.wav,Paul Sorvino,0,,0.3368767953874492,,,clip
text_lr_no_entropy,5,data/nodementia/Pele/Pele_1.wav,Pele,0,,0.2512428304844728,,,clip
text_lr_no_entropy,5,data/nodementia/Pele/Pele_2.wav,Pele,0,,0.29450237760947134,,,clip
text_lr_no_entropy,5,data/nodementia/Pele/Pel‚_3.wav,Pele,0,,0.4015613400316192,,,clip
text_lr_no_entropy,5,data/dementia/Peter Falk/PeterFalk_10.wav,Peter Falk,1,10.0,0.2606663240431324,,,clip
text_lr_no_entropy,5,data/dementia/Peter Falk/PeterFalk_15.wav,Peter Falk,1,15.0,0.24812686370877393,,,clip
text_lr_no_entropy,5,data/dementia/Peter Reveen/peterreveen_15.wav,Peter Reveen,1,15.0,0.3963442576097599,,,clip
text_lr_no_entropy,5,data/nodementia/Queen Elisabeth/Queen Elisabeth_3.wav,Queen Elisabeth,0,,0.22038409868859865,,,clip
text_lr_no_entropy,5,data/nodementia/Richard Donner/RichardDonner_2.wav,Richard Donner,0,,0.27044363248066805,,,clip
text_lr_no_entropy,5,data/nodementia/Richard Donner/RichardDonner_3.wav,Richard Donner,0,,0.20357074074526724,,,clip
text_lr_no_entropy,5,data/dementia/Robert Anderson/RobertAnderson_10.wav,Robert Anderson,1,10.0,0.23301057914263715,,,clip
text_lr_no_entropy,5,data/nodementia/Robert Vaughn/RobertVaughn_1.wav,Robert Vaughn,0,,0.40188918810725427,,,clip
text_lr_no_entropy,5,data/nodementia/Robert Vaughn/RobertVaughn_2.wav,Robert Vaughn,0,,0.3509725169045916,,,clip
text_lr_no_entropy,5,data/nodementia/Robert Vaughn/RobertVaughn_3.wav,Robert Vaughn,0,,0.263853039305179,,,clip
text_lr_no_entropy,5,data/nodementia/Roger Waters/RogerWaters_2.wav,Roger Waters,0,,0.4084766195317037,,,clip
text_lr_no_entropy,5,data/nodementia/Roger Waters/RogerWaters_3.wav,Roger Waters,0,,0.29479329913849184,,,clip
text_lr_no_entropy,5,data/dementia/Ronald Reagan/RonaldReagan_10.wav,Ronald Reagan,1,10.0,0.2640307522301367,,,clip
text_lr_no_entropy,5,data/dementia/Ronald Reagan/RonaldReagan_5.wav,Ronald Reagan,1,5.0,0.2896523530496259,,,clip
text_lr_no_entropy,5,data/dementia/Sparky Anderson/SparkyAnderson_0.wav,Sparky Anderson,1,0.0,0.19655411529820965,,,clip
text_lr_no_entropy,5,data/nodementia/Stacy Keach/StacyKeach_1.wav,Stacy Keach,0,,0.2254425300810764,,,clip
text_lr_no_entropy,5,data/nodementia/Stacy Keach/StacyKeach_2.wav,Stacy Keach,0,,0.23307555013630413,,,clip
text_lr_no_entropy,5,data/nodementia/Stacy Keach/StacyKeach_3.wav,Stacy Keach,0,,0.2886222380958798,,,clip
text_lr_no_entropy,5,data/dementia/Stan Bowles/StanBowles_5.wav,Stan Bowles,1,5.0,0.5875544258386175,,,clip
text_lr_no_entropy,5,data/dementia/Stella Stevens/StellaStevens_15.wav,Stella Stevens,1,15.0,0.28312196152250146,,,clip
text_lr_no_entropy,5,data/dementia/Steve Lawrence/SteveLawrence_15.wav,Steve Lawrence,1,15.0,0.26153744255238487,,,clip
text_lr_no_entropy,5,data/nodementia/Tina turner/Tinaturner_1.wav,Tina turner,0,,0.19332534854611652,,,clip
text_lr_no_entropy,5,data/nodementia/Tina turner/Tinaturner_2.wav,Tina turner,0,,0.2328953685201671,,,clip
text_lr_no_entropy,5,data/nodementia/Tina turner/Tinaturner_3.wav,Tina turner,0,,0.19393853886370854,,,clip
text_lr_no_entropy,5,data/dementia/Tony Bennett/TonyBennett_0.wav,Tony Bennett,1,0.0,0.25723886798954854,,,clip
text_lr_no_entropy,5,data/dementia/Tony Bennett/TonyBennett_15.wav,Tony Bennett,1,15.0,0.261914094873442,,,clip
text_lr_no_entropy,5,data/nodementia/Warren Buffett/Warren Buffett_1.wav,Warren Buffett,0,,0.35981739583939293,,,clip
text_lr_no_entropy,5,data/nodementia/Warren Buffett/Warren Buffett_2.wav,Warren Buffett,0,,0.2051082257570612,,,clip
text_lr_no_entropy,5,data/nodementia/Warren Buffett/WarrenBuffett_3.wav,Warren Buffett,0,,0.3077121911451782,,,clip
text_lr_no_entropy,5,data/nodementia/Werner Herzog/WernerHerzog_1.wav,Werner Herzog,0,,0.23650427199020765,,,clip
text_lr_no_entropy,5,,Aileen Hernandez,1,0.0,0.29737196078234707,,,speaker
text_lr_no_entropy,5,,Bernie Sanders,0,,0.35182499537759193,,,speaker
text_lr_no_entropy,5,,Betty White,0,,0.28216236459502525,,,speaker
text_lr_no_entropy,5,,Bill Wyman,0,,0.19481282084758053,,,speaker
text_lr_no_entropy,5,,Bob Dole,0,,0.33379278229014836,,,speaker
text_lr_no_entropy,5,,Clint Eastwood,0,,0.33450563433138614,,,speaker
text_lr_no_entropy,5,,Dick Cavett,0,,0.2788866677930656,,,speaker
text_lr_no_entropy,5,,Dick van Patten,0,,0.2693205881702788,,,speaker
text_lr_no_entropy,5,,Emile Griffith,1,5.0,0.3066262262015425,,,speaker
text_lr_no_entropy,5,,Evelyn Keyes,1,0.0,0.23981083152960442,,,speaker
text_lr_no_entropy,5,,Francis Ford Coppola,0,,0.24239330790737962,,,speaker
text_lr_no_entropy,5,,Harvey Keitel,0,,0.331039248802331,,,speaker
text_lr_no_entropy,5,,James Brolin,0,,0.3301322993058798,,,speaker
text_lr_no_entropy,5,,James Earl Jones,0,,0.34647231050496446,,,speaker
text_lr_no_entropy,5,,Jerry Stiller,0,,0.21001915034379826,,,speaker
text_lr_no_entropy,5,,Jesse Helms,1,0.0,0.29580925479262865,,,speaker
text_lr_no_entropy,5,,Jessejackson,1,0.0,0.30157974577113716,,,speaker
text_lr_no_entropy,5,,John Mackey,1,15.0,0.23834205160406058,,,speaker
text_lr_no_entropy,5,,Jon Voight,0,,0.24539601176053974,,,speaker
text_lr_no_entropy,5,,Jonathan Miller,1,5.0,0.23770907326925728,,,speaker
text_lr_no_entropy,5,,Kenny Rogers,0,,0.2938313896161703,,,speaker
text_lr_no_entropy,5,,Leon Redbone,1,15.0,0.15625968958616743,,,speaker
text_lr_no_entropy,5,,Martin Sheen,0,,0.27853865848798687,,,speaker
text_lr_no_entropy,5,,Nana Mouskouri,0,,0.2238524166432875,,,speaker
text_lr_no_entropy,5,,Paul McCartney,0,,0.35807724468005375,,,speaker
text_lr_no_entropy,5,,Paul Sorvino,0,,0.2564891919641652,,,speaker
text_lr_no_entropy,5,,Pele,0,,0.3157688493751878,,,speaker
text_lr_no_entropy,5,,Peter Falk,1,10.0,0.25439659387595315,,,speaker
text_lr_no_entropy,5,,Peter Reveen,1,15.0,0.3963442576097599,,,speaker
text_lr_no_entropy,5,,Queen Elisabeth,0,,0.22038409868859865,,,speaker
text_lr_no_entropy,5,,Richard Donner,0,,0.23700718661296766,,,speaker
text_lr_no_entropy,5,,Robert Anderson,1,10.0,0.23301057914263715,,,speaker
text_lr_no_entropy,5,,Robert Vaughn,0,,0.3389049147723416,,,speaker
text_lr_no_entropy,5,,Roger Waters,0,,0.3516349593350978,,,speaker
text_lr_no_entropy,5,,Ronald Reagan,1,5.0,0.2768415526398813,,,speaker
text_lr_no_entropy,5,,Sparky Anderson,1,0.0,0.19655411529820965,,,speaker
text_lr_no_entropy,5,,Stacy Keach,0,,0.24904677277108678,,,speaker
text_lr_no_entropy,5,,Stan Bowles,1,5.0,0.5875544258386175,,,speaker
text_lr_no_entropy,5,,Stella Stevens,1,15.0,0.28312196152250146,,,speaker
text_lr_no_entropy,5,,Steve Lawrence,1,15.0,0.26153744255238487,,,speaker
text_lr_no_entropy,5,,Tina turner,0,,0.20671975197666406,,,speaker
text_lr_no_entropy,5,,Tony Bennett,1,0.0,0.25957648143149525,,,speaker
text_lr_no_entropy,5,,Warren Buffett,0,,0.29087927091387744,,,speaker
text_lr_no_entropy,5,,Werner Herzog,0,,0.23650427199020765,,,speaker
text_lr_no_drift,5,data/dementia/Aileen Hernandez/aileenhernandez_0.wav,Aileen Hernandez,1,0.0,0.27363521134059604,,,clip
text_lr_no_drift,5,data/dementia/Aileen Hernandez/aileenhernandez_5_1.wav,Aileen Hernandez,1,5.0,0.2441541367811893,,,clip
text_lr_no_drift,5,data/dementia/Aileen Hernandez/aileenhernandez_5_2.wav,Aileen Hernandez,1,5.0,0.35565829693220513,,,clip
text_lr_no_drift,5,data/nodementia/Bernie Sanders/BernieSanders_3.wav,Bernie Sanders,0,,0.33535956197879796,,,clip
text_lr_no_drift,5,data/nodementia/Betty White/Betty White_1.wav,Betty White,0,,0.23870121556219467,,,clip
text_lr_no_drift,5,data/nodementia/Betty White/Betty White_2.wav,Betty White,0,,0.35529594370916345,,,clip
text_lr_no_drift,5,data/nodementia/Betty White/Betty White_3.wav,Betty White,0,,0.23569546166342062,,,clip
text_lr_no_drift,5,data/nodementia/Bill Wyman/BillWyman_1.wav,Bill Wyman,0,,0.14893896283343944,,,clip
text_lr_no_drift,5,data/nodementia/Bill Wyman/BillWyman_2.wav,Bill Wyman,0,,0.2316492196210391,,,clip
text_lr_no_drift,5,data/nodementia/Bill Wyman/BillWyman_3.wav,Bill Wyman,0,,0.18671271431053252,,,clip
text_lr_no_drift,5,data/nodementia/Bob Dole/BobDole_1.wav,Bob Dole,0,,0.25428877438292585,,,clip
text_lr_no_drift,5,data/nodementia/Bob Dole/BobDole_2.wav,Bob Dole,0,,0.27248484299720976,,,clip
text_lr_no_drift,5,data/nodementia/Bob Dole/BobDole_3.wav,Bob Dole,0,,0.44369362273039414,,,clip
text_lr_no_drift,5,data/nodementia/Clint Eastwood/Clint Eastwood_1.wav,Clint Eastwood,0,,0.4936121510119618,,,clip
text_lr_no_drift,5,data/nodementia/Clint Eastwood/Clint Eastwood_2.wav,Clint Eastwood,0,,0.2604017871739255,,,clip
text_lr_no_drift,5,data/nodementia/Clint Eastwood/Clint Eastwood_3.wav,Clint Eastwood,0,,0.2084869919481897,,,clip
text_lr_no_drift,5,data/nodementia/Dick Cavett/DickCavett_1.wav,Dick Cavett,0,,0.23062475122923773,,,clip
text_lr_no_drift,5,data/nodementia/Dick Cavett/DickCavett_3.wav,Dick Cavett,0,,0.31247093859237696,,,clip
text_lr_no_drift,5,data/nodementia/Dick van Patten/DickVanPatten_1.wav,Dick van Patten,0,,0.2575277731366443,,,clip
text_lr_no_drift,5,data/nodementia/Dick van Patten/DickVanPatten_3.wav,Dick van Patten,0,,0.2820547571757935,,,clip
text_lr_no_drift,5,data/dementia/Emile Griffith/emilegriffith_5.wav,Emile Griffith,1,5.0,0.3528689494585267,,,clip
text_lr_no_drift,5,data/dementia/Evelyn Keyes/EvelynKeyes_0.wav,Evelyn Keyes,1,0.0,0.22957858071194748,,,clip
text_lr_no_drift,5,data/dementia/Evelyn Keyes/EvelynKeyes_10.wav,Evelyn Keyes,1,10.0,0.2538285544137439,,,clip
text_lr_no_drift,5,data/nodementia/Francis Ford Coppola/FrancisFordCoppola_2.wav,Francis Ford Coppola,0,,0.2610345269411542,,,clip
text_lr_no_drift,5,data/nodementia/Francis Ford Coppola/FrancisFordCoppola_3.wav,Francis Ford Coppola,0,,0.24170438463224214,,,clip
text_lr_no_drift,5,data/nodementia/Harvey Keitel/HarveyKeitel_1.wav,Harvey Keitel,0,,0.39819767332715367,,,clip
text_lr_no_drift,5,data/nodementia/Harvey Keitel/HarveyKeitel_2.wav,Harvey Keitel,0,,0.29191859926945857,,,clip
text_lr_no_drift,5,data/nodementia/Harvey Keitel/HarveyKeitel_3.wav,Harvey Keitel,0,,0.29272588377743364,,,clip
text_lr_no_drift,5,data/nodementia/James Brolin/JamesBrolin_1.wav,James Brolin,0,,0.29325780503053206,,,clip
text_lr_no_drift,5,data/nodementia/James Brolin/JamesBrolin_2.wav,James Brolin,0,,0.2829477746595645,,,clip
text_lr_no_drift,5,data/nodementia/James Brolin/JamesBrolin_3.wav,James Brolin,0,,0.3861578184425263,,,clip
text_lr_no_drift,5,data/nodementia/James Earl Jones/james earl jones_1.wav,James Earl Jones,0,,0.2938827679020108,,,clip
text_lr_no_drift,5,data/nodementia/James Earl Jones/james earl jones_2.wav,James Earl Jones,0,,0.3923107543667848,,,clip
text_lr_no_drift,5,data/nodementia/Jerry Stiller/JerryStiller_2.wav,Jerry Stiller,0,,0.21607504704368025,,,clip
text_lr_no_drift,5,data/nodementia/Jerry Stiller/JerryStiller_3.wav,Jerry Stiller,0,,0.21436602186860393,,,clip
text_lr_no_drift,5,data/dementia/Jesse Helms/jessehelms_0.wav,Jesse Helms,1,0.0,0.38255900311735114,,,clip
text_lr_no_drift,5,data/dementia/Jesse Helms/jessehelms_5_1.wav,Jesse Helms,1,5.0,0.2701244165409852,,,clip
text_lr_no_drift,5,data/dementia/Jesse Helms/jessehelms_5_2.wav,Jesse Helms,1,5.0,0.22376854713726696,,,clip
text_lr_no_drift,5,data/dementia/Jessejackson/Jessejackson_0.wav,Jessejackson,1,0.0,0.29505562838120497,,,clip
text_lr_no_drift,5,data/dementia/John Mackey/johnmackey_15_1.wav,John Mackey,1,15.0,0.24252474547020056,,,clip
text_lr_no_drift,5,data/dementia/John Mackey/johnmackey_15_2.wav,John Mackey,1,15.0,0.22339138269237627,,,clip
text_lr_no_drift,5,data/nodementia/Jon Voight/JonVoight_1.wav,Jon Voight,0,,0.264510381045058,,,clip
text_lr_no_drift,5,data/nodementia/Jon Voight/JonVoight_2.wav,Jon Voight,0,,0.22319506604478137,,,clip
text_lr_no_drift,5,data/nodementia/Jon Voight/JonVoight_3.wav,Jon Voight,0,,0.2434174936696262,,,clip
text_lr_no_drift,5,data/dementia/Jonathan Miller/JonathanMiller_5.wav,Jonathan Miller,1,5.0,0.24267130523843702,,,clip
text_lr_no_drift,5,data/nodementia/Kenny Rogers/KennyRogers_1.wav,Kenny Rogers,0,,0.3478579226849465,,,clip
text_lr_no_drift,5,data/nodementia/Kenny Rogers/KennyRogers_3.wav,Kenny Rogers,0,,0.22693953648632598,,,clip
text_lr_no_drift,5,data/dementia/Leon Redbone/leonredbone_15.wav,Leon Redbone,1,15.0,0.15266061362100763,,,clip
text_lr_no_drift,5,data/nodementia/Martin Sheen/MartinSheen_1.wav,Martin Sheen,0,,0.3142201247729552,,,clip
text_lr_no_drift,5,data/nodementia/Martin Sheen/MartinSheen_2.wav,Martin Sheen,0,,0.20424225178387875,,,clip
text_lr_no_drift,5,data/nodementia/Martin Sheen/MartinSheen_3.wav,Martin Sheen,0,,0.3171919713155296,,,clip
text_lr_no_drift,5,data/nodementia/Nana Mouskouri/NanaMouskouri_1.wav,Nana Mouskouri,0,,0.24100155323867126,,,clip
text_lr_no_drift,5,data/nodementia/Nana Mouskouri/NanaMouskouri_3.wav,Nana Mouskouri,0,,0.21884473799489398,,,clip
text_lr_no_drift,5,data/nodementia/Paul McCartney/PaulMcCartney_1.wav,Paul McCartney,0,,0.5330075080168974,,,clip
text_lr_no_drift,5,data/nodementia/Paul McCartney/PaulMcCartney_2.wav,Paul McCartney,0,,0.30944048278824327,,,clip
text_lr_no_drift,5,data/nodementia/Paul McCartney/PaulMcCartney_3.wav,Paul McCartney,0,,0.26322037019695577,,,clip
text_lr_no_drift,5,data/nodementia/Paul Sorvino/PaulSorvino_2.wav,Paul Sorvino,0,,0.17640923145616907,,,clip
text_lr_no_drift,5,data/nodementia/Paul Sorvino/PaulSorvino_3.wav,Paul Sorvino,0,,0.3256537378999501,,,clip
text_lr_no_drift,5,data/nodementia/Pele/Pele_1.wav,Pele,0,,0.25453081903253344,,,clip
text_lr_no_drift,5,data/nodementia/Pele/Pele_2.wav,Pele,0,,0.28951790206494726,,,clip
text_lr_no_drift,5,data/nodementia/Pele/Pel‚_3.wav,Pele,0,,0.4079437037967476,,,clip
text_lr_no_drift,5,data/dementia/Peter Falk/PeterFalk_10.wav,Peter Falk,1,10.0,0.25099573845232426,,,clip
text_lr_no_drift,5,data/dementia/Peter Falk/PeterFalk_15.wav,Peter Falk,1,15.0,0.2370880978084537,,,clip
text_lr_no_drift,5,data/dementia/Peter Reveen/peterreveen_15.wav,Peter Reveen,1,15.0,0.378029090790455,,,clip
text_lr_no_drift,5,data/nodementia/Queen Elisabeth/Queen Elisabeth_3.wav,Queen Elisabeth,0,,0.22378672149231946,,,clip
text_lr_no_drift,5,data/nodementia/Richard Donner/RichardDonner_2.wav,Richard Donner,0,,0.2750721350957419,,,clip
text_lr_no_drift,5,data/nodementia/Richard Donner/RichardDonner_3.wav,Richard Donner,0,,0.20860624993497548,,,clip
text_lr_no_drift,5,data/dementia/Robert Anderson/RobertAnderson_10.wav,Robert Anderson,1,10.0,0.2349993806113085,,,clip
text_lr_no_drift,5,data/nodementia/Robert Vaughn/RobertVaughn_1.wav,Robert Vaughn,0,,0.3906932390475062,,,clip
text_lr_no_drift,5,data/nodementia/Robert Vaughn/RobertVaughn_2.wav,Robert Vaughn,0,,0.34958796677910914,,,clip
text_lr_no_drift,5,data/nodementia/Robert Vaughn/RobertVaughn_3.wav,Robert Vaughn,0,,0.26860269710901385,,,clip
text_lr_no_drift,5,data/nodementia/Roger Waters/RogerWaters_2.wav,Roger Waters,0,,0.4095682218989942,,,clip
text_lr_no_drift,5,data/nodementia/Roger Waters/RogerWaters_3.wav,Roger Waters,0,,0.28253893961773274,,,clip
text_lr_no_drift,5,data/dementia/Ronald Reagan/RonaldReagan_10.wav,Ronald Reagan,1,10.0,0.2660079698113959,,,clip
text_lr_no_drift,5,data/dementia/Ronald Reagan/RonaldReagan_5.wav,Ronald Reagan,1,5.0,0.2940978380844383,,,clip
text_lr_no_drift,5,data/dementia/Sparky Anderson/SparkyAnderson_0.wav,Sparky Anderson,1,0.0,0.20237350054360376,,,clip
text_lr_no_drift,5,data/nodementia/Stacy Keach/StacyKeach_1.wav,Stacy Keach,0,,0.22415828906945065,,,clip
text_lr_no_drift,5,data/nodementia/Stacy Keach/StacyKeach_2.wav,Stacy Keach,0,,0.2347524660027814,,,clip
text_lr_no_drift,5,data/nodementia/Stacy Keach/StacyKeach_3.wav,Stacy Keach,0,,0.28317950055447694,,,clip
text_lr_no_drift,5,data/dementia/Stan Bowles/StanBowles_5.wav,Stan Bowles,1,5.0,0.6077760120279956,,,clip
text_lr_no_drift,5,data/dementia/Stella Stevens/StellaStevens_15.wav,Stella Stevens,1,15.0,0.2843096473216849,,,clip
text_lr_no_drift,5,data/dementia/Steve Lawrence/SteveLawrence_15.wav,Steve Lawrence,1,15.0,0.2676600661505237,,,clip
text_lr_no_drift,5,data/nodementia/Tina turner/Tinaturner_1.wav,Tina turner,0,,0.1951305852665173,,,clip
text_lr_no_drift,5,data/nodementia/Tina turner/Tinaturner_2.wav,Tina turner,0,,0.24367752027573156,,,clip
text_lr_no_drift,5,data/nodementia/Tina turner/Tinaturner_3.wav,Tina turner,0,,0.19304936950020596,,,clip
text_lr_no_drift,5,data/dementia/Tony Bennett/TonyBennett_0.wav,Tony Bennett,1,0.0,0.27708998191571654,,,clip
text_lr_no_drift,5,data/dementia/Tony Bennett/TonyBennett_15.wav,Tony Bennett,1,15.0,0.26103579021869694,,,clip
text_lr_no_drift,5,data/nodementia/Warren Buffett/Warren Buffett_1.wav,Warren Buffett,0,,0.3460640486250907,,,clip
text_lr_no_drift,5,data/nodementia/Warren Buffett/Warren Buffett_2.wav,Warren Buffett,0,,0.2097945996582937,,,clip
text_lr_no_drift,5,data/nodementia/Warren Buffett/WarrenBuffett_3.wav,Warren Buffett,0,,0.31152018443516666,,,clip
text_lr_no_drift,5,data/nodementia/Werner Herzog/WernerHerzog_1.wav,Werner Herzog,0,,0.23662064188024218,,,clip
text_lr_no_drift,5,,Aileen Hernandez,1,0.0,0.29114921501799684,,,speaker
text_lr_no_drift,5,,Bernie Sanders,0,,0.33535956197879796,,,speaker
text_lr_no_drift,5,,Betty White,0,,0.2765642069782596,,,speaker
text_lr_no_drift,5,,Bill Wyman,0,,0.18910029892167035,,,speaker
text_lr_no_drift,5,,Bob Dole,0,,0.32348908003684324,,,speaker
text_lr_no_drift,5,,Clint Eastwood,0,,0.32083364337802567,,,speaker
text_lr_no_drift,5,,Dick Cavett,0,,0.27154784491080736,,,speaker
text_lr_no_drift,5,,Dick van Patten,0,,0.2697912651562189,,,speaker
text_lr_no_drift,5,,Emile Griffith,1,5.0,0.3528689494585267,,,speaker
text_lr_no_drift,5,,Evelyn Keyes,1,0.0,0.2417035675628457,,,speaker
text_lr_no_drift,5,,Francis Ford Coppola,0,,0.25136945578669817,,,speaker
text_lr_no_drift,5,,Harvey Keitel,0,,0.327614052124682,,,speaker
text_lr_no_drift,5,,James Brolin,0,,0.3207877993775409,,,speaker
text_lr_no_drift,5,,James Earl Jones,0,,0.3430967611343978,,,speaker
text_lr_no_drift,5,,Jerry Stiller,0,,0.2152205344561421,,,speaker
text_lr_no_drift,5,,Jesse Helms,1,0.0,0.2921506555985344,,,speaker
text_lr_no_drift,5,,Jessejackson,1,0.0,0.29505562838120497,,,speaker
text_lr_no_drift,5,,John Mackey,1,15.0,0.2329580640812884,,,speaker
text_lr_no_drift,5,,Jon Voight,0,,0.24370764691982183,,,speaker
text_lr_no_drift,5,,Jonathan Miller,1,5.0,0.24267130523843702,,,speaker
text_lr_no_drift,5,,Kenny Rogers,0,,0.2873987295856362,,,speaker
text_lr_no_drift,5,,Leon Redbone,1,15.0,0.15266061362100763,,,speaker
text_lr_no_drift,5,,Martin Sheen,0,,0.27855144929078784,,,speaker
text_lr_no_drift,5,,Nana Mouskouri,0,,0.22992314561678262,,,speaker
text_lr_no_drift,5,,Paul McCartney,0,,0.3685561203340322,,,speaker
text_lr_no_drift,5,,Paul Sorvino,0,,0.2510314846780596,,,speaker
text_lr_no_drift,5,,Pele,0,,0.3173308082980761,,,speaker
text_lr_no_drift,5,,Peter Falk,1,10.0,0.24404191813038897,,,speaker
text_lr_no_drift,5,,Peter Reveen,1,15.0,0.378029090790455,,,speaker
text_lr_no_drift,5,,Queen Elisabeth,0,,0.22378672149231946,,,speaker
text_lr_no_drift,5,,Richard Donner,0,,0.24183919251535868,,,speaker
text_lr_no_drift,5,,Robert Anderson,1,10.0,0.2349993806113085,,,speaker
text_lr_no_drift,5,,Robert Vaughn,0,,0.3362946343118764,,,speaker
text_lr_no_drift,5,,Roger Waters,0,,0.34605358075836345,,,speaker
text_lr_no_drift,5,,Ronald Reagan,1,5.0,0.2800529039479171,,,speaker
text_lr_no_drift,5,,Sparky Anderson,1,0.0,0.20237350054360376,,,speaker
text_lr_no_drift,5,,Stacy Keach,0,,0.24736341854223634,,,speaker
text_lr_no_drift,5,,Stan Bowles,1,5.0,0.6077760120279956,,,speaker
text_lr_no_drift,5,,Stella Stevens,1,15.0,0.2843096473216849,,,speaker
text_lr_no_drift,5,,Steve Lawrence,1,15.0,0.2676600661505237,,,speaker
text_lr_no_drift,5,,Tina turner,0,,0.21061915834748493,,,speaker
text_lr_no_drift,5,,Tony Bennett,1,0.0,0.26906288606720674,,,speaker
text_lr_no_drift,5,,Warren Buffett,0,,0.28912627757285037,,,speaker
text_lr_no_drift,5,,Werner Herzog,0,,0.23662064188024218,,,speaker
text_lr_traditional_only,5,data/dementia/Aileen Hernandez/aileenhernandez_0.wav,Aileen Hernandez,1,0.0,0.2749346682972192,,,clip
text_lr_traditional_only,5,data/dementia/Aileen Hernandez/aileenhernandez_5_1.wav,Aileen Hernandez,1,5.0,0.24754980387117842,,,clip
text_lr_traditional_only,5,data/dementia/Aileen Hernandez/aileenhernandez_5_2.wav,Aileen Hernandez,1,5.0,0.3594762924434135,,,clip
text_lr_traditional_only,5,data/nodementia/Bernie Sanders/BernieSanders_3.wav,Bernie Sanders,0,,0.34929786454415745,,,clip
text_lr_traditional_only,5,data/nodementia/Betty White/Betty White_1.wav,Betty White,0,,0.23991000252666844,,,clip
text_lr_traditional_only,5,data/nodementia/Betty White/Betty White_2.wav,Betty White,0,,0.3566988169957335,,,clip
text_lr_traditional_only,5,data/nodementia/Betty White/Betty White_3.wav,Betty White,0,,0.23544564053780012,,,clip
text_lr_traditional_only,5,data/nodementia/Bill Wyman/BillWyman_1.wav,Bill Wyman,0,,0.148928724957969,,,clip
text_lr_traditional_only,5,data/nodementia/Bill Wyman/BillWyman_2.wav,Bill Wyman,0,,0.23714227761059348,,,clip
text_lr_traditional_only,5,data/nodementia/Bill Wyman/BillWyman_3.wav,Bill Wyman,0,,0.18643838572198837,,,clip
text_lr_traditional_only,5,data/nodementia/Bob Dole/BobDole_1.wav,Bob Dole,0,,0.2589047272869513,,,clip
text_lr_traditional_only,5,data/nodementia/Bob Dole/BobDole_2.wav,Bob Dole,0,,0.27983529732333373,,,clip
text_lr_traditional_only,5,data/nodementia/Bob Dole/BobDole_3.wav,Bob Dole,0,,0.45101414060629186,,,clip
text_lr_traditional_only,5,data/nodementia/Clint Eastwood/Clint Eastwood_1.wav,Clint Eastwood,0,,0.5003983789420815,,,clip
text_lr_traditional_only,5,data/nodementia/Clint Eastwood/Clint Eastwood_2.wav,Clint Eastwood,0,,0.2641175770080124,,,clip
text_lr_traditional_only,5,data/nodementia/Clint Eastwood/Clint Eastwood_3.wav,Clint Eastwood,0,,0.20762144744876768,,,clip
text_lr_traditional_only,5,data/nodementia/Dick Cavett/DickCavett_1.wav,Dick Cavett,0,,0.22820348379617328,,,clip
text_lr_traditional_only,5,data/nodementia/Dick Cavett/DickCavett_3.wav,Dick Cavett,0,,0.317114633162835,,,clip
text_lr_traditional_only,5,data/nodementia/Dick van Patten/DickVanPatten_1.wav,Dick van Patten,0,,0.2579468141364685,,,clip
text_lr_traditional_only,5,data/nodementia/Dick van Patten/DickVanPatten_3.wav,Dick van Patten,0,,0.287074948313364,,,clip
text_lr_traditional_only,5,data/dementia/Emile Griffith/emilegriffith_5.wav,Emile Griffith,1,5.0,0.3593497205861617,,,clip
text_lr_traditional_only,5,data/dementia/Evelyn Keyes/EvelynKeyes_0.wav,Evelyn Keyes,1,0.0,0.22657986571122335,,,clip
text_lr_traditional_only,5,data/dementia/Evelyn Keyes/EvelynKeyes_10.wav,Evelyn Keyes,1,10.0,0.2551887982016106,,,clip
text_lr_traditional_only,5,data/nodementia/Francis Ford Coppola/FrancisFordCoppola_2.wav,Francis Ford Coppola,0,,0.260467470940437,,,clip
text_lr_traditional_only,5,data/nodementia/Francis Ford Coppola/FrancisFordCoppola_3.wav,Francis Ford Coppola,0,,0.24052506046663613,,,clip
text_lr_traditional_only,5,data/nodementia/Harvey Keitel/HarveyKeitel_1.wav,Harvey Keitel,0,,0.4039720445857922,,,clip
text_lr_traditional_only,5,data/nodementia/Harvey Keitel/HarveyKeitel_2.wav,Harvey Keitel,0,,0.28820939795473843,,,clip
text_lr_traditional_only,5,data/nodementia/Harvey Keitel/HarveyKeitel_3.wav,Harvey Keitel,0,,0.2941167018480546,,,clip
text_lr_traditional_only,5,data/nodementia/James Brolin/JamesBrolin_1.wav,James Brolin,0,,0.29324652157736575,,,clip
text_lr_traditional_only,5,data/nodementia/James Brolin/JamesBrolin_2.wav,James Brolin,0,,0.27604801804242535,,,clip
text_lr_traditional_only,5,data/nodementia/James Brolin/JamesBrolin_3.wav,James Brolin,0,,0.4023117708860211,,,clip
text_lr_traditional_only,5,data/nodementia/James Earl Jones/james earl jones_1.wav,James Earl Jones,0,,0.28779436817664,,,clip
text_lr_traditional_only,5,data/nodementia/James Earl Jones/james earl jones_2.wav,James Earl Jones,0,,0.39891652580294445,,,clip
text_lr_traditional_only,5,data/nodementia/Jerry Stiller/JerryStiller_2.wav,Jerry Stiller,0,,0.21684862692028908,,,clip
text_lr_traditional_only,5,data/nodementia/Jerry Stiller/JerryStiller_3.wav,Jerry Stiller,0,,0.21245310897017097,,,clip
text_lr_traditional_only,5,data/dementia/Jesse Helms/jessehelms_0.wav,Jesse Helms,1,0.0,0.3864688448109661,,,clip
text_lr_traditional_only,5,data/dementia/Jesse Helms/jessehelms_5_1.wav,Jesse Helms,1,5.0,0.2736246348563967,,,clip
text_lr_traditional_only,5,data/dementia/Jesse Helms/jessehelms_5_2.wav,Jesse Helms,1,5.0,0.2212064407163585,,,clip
text_lr_traditional_only,5,data/dementia/Jessejackson/Jessejackson_0.wav,Jessejackson,1,0.0,0.2934516793299908,,,clip
text_lr_traditional_only,5,data/dementia/John Mackey/johnmackey_15_1.wav,John Mackey,1,15.0,0.24352056292993218,,,clip
text_lr_traditional_only,5,data/dementia/John Mackey/johnmackey_15_2.wav,John Mackey,1,15.0,0.22478049172776474,,,clip
text_lr_traditional_only,5,data/nodementia/Jon Voight/JonVoight_1.wav,Jon Voight,0,,0.2651822516691368,,,clip
text_lr_traditional_only,5,data/nodementia/Jon Voight/JonVoight_2.wav,Jon Voight,0,,0.22051370490877029,,,clip
text_lr_traditional_only,5,data/nodementia/Jon Voight/JonVoight_3.wav,Jon Voight,0,,0.24706791949848494,,,clip
text_lr_traditional_only,5,data/dementia/Jonathan Miller/JonathanMiller_5.wav,Jonathan Miller,1,5.0,0.23925619423079864,,,clip
text_lr_traditional_only,5,data/nodementia/Kenny Rogers/KennyRogers_1.wav,Kenny Rogers,0,,0.35731962996742456,,,clip
text_lr_traditional_only,5,data/nodementia/Kenny Rogers/KennyRogers_3.wav,Kenny Rogers,0,,0.2288409220129273,,,clip
text_lr_traditional_only,5,data/dementia/Leon Redbone/leonredbone_15.wav,Leon Redbone,1,15.0,0.15003179554233134,,,clip
text_lr_traditional_only,5,data/nodementia/Martin Sheen/MartinSheen_1.wav,Martin Sheen,0,,0.3126678958676196,,,clip
text_lr_traditional_only,5,data/nodementia/Martin Sheen/MartinSheen_2.wav,Martin Sheen,0,,0.20667165550052008,,,clip
text_lr_traditional_only,5,data/nodementia/Martin Sheen/MartinSheen_3.wav,Martin Sheen,0,,0.32216413025513063,,,clip
text_lr_traditional_only,5,data/nodementia/Nana Mouskouri/NanaMouskouri_1.wav,Nana Mouskouri,0,,0.24082419373673966,,,clip
text_lr_traditional_only,5,data/nodementia/Nana Mouskouri/NanaMouskouri_3.wav,Nana Mouskouri,0,,0.2121128937399923,,,clip
text_lr_traditional_only,5,data/nodementia/Paul McCartney/PaulMcCartney_1.wav,Paul McCartney,0,,0.5120050870497033,,,clip
text_lr_traditional_only,5,data/nodementia/Paul McCartney/PaulMcCartney_2.wav,Paul McCartney,0,,0.3063454307407817,,,clip
text_lr_traditional_only,5,data/nodementia/Paul McCartney/PaulMcCartney_3.wav,Paul McCartney,0,,0.2607566135439794,,,clip
text_lr_traditional_only,5,data/nodementia/Paul Sorvino/PaulSorvino_2.wav,Paul Sorvino,0,,0.17671162930481274,,,clip
text_lr_traditional_only,5,data/nodementia/Paul Sorvino/PaulSorvino_3.wav,Paul Sorvino,0,,0.3288444444815377,,,clip
text_lr_traditional_only,5,data/nodementia/Pele/Pele_1.wav,Pele,0,,0.2585086001877209,,,clip
text_lr_traditional_only,5,data/nodementia/Pele/Pele_2.wav,Pele,0,,0.2923072904721405,,,clip
text_lr_traditional_only,5,data/nodementia/Pele/Pel‚_3.wav,Pele,0,,0.40290073194855747,,,clip
text_lr_traditional_only,5,data/dementia/Peter Falk/PeterFalk_10.wav,Peter Falk,1,10.0,0.2508533242626405,,,clip
text_lr_traditional_only,5,data/dementia/Peter Falk/PeterFalk_15.wav,Peter Falk,1,15.0,0.2407062076751457,,,clip
text_lr_traditional_only,5,data/dementia/Peter Reveen/peterreveen_15.wav,Peter Reveen,1,15.0,0.3811357940362035,,,clip
text_lr_traditional_only,5,data/nodementia/Queen Elisabeth/Queen Elisabeth_3.wav,Queen Elisabeth,0,,0.2219364455690091,,,clip
text_lr_traditional_only,5,data/nodementia/Richard Donner/RichardDonner_2.wav,Richard Donner,0,,0.27228959956359494,,,clip
text_lr_traditional_only,5,data/nodementia/Richard Donner/RichardDonner_3.wav,Richard Donner,0,,0.20570141511811066,,,clip
text_lr_traditional_only,5,data/dementia/Robert Anderson/RobertAnderson_10.wav,Robert Anderson,1,10.0,0.2342492277440767,,,clip
text_lr_traditional_only,5,data/nodementia/Robert Vaughn/RobertVaughn_1.wav,Robert Vaughn,0,,0.40021872998116936,,,clip
text_lr_traditional_only,5,data/nodementia/Robert Vaughn/RobertVaughn_2.wav,Robert Vaughn,0,,0.33741345380903026,,,clip
text_lr_traditional_only,5,data/nodementia/Robert Vaughn/RobertVaughn_3.wav,Robert Vaughn,0,,0.2674144318300935,,,clip
text_lr_traditional_only,5,data/nodementia/Roger Waters/RogerWaters_2.wav,Roger Waters,0,,0.4096518441901555,,,clip
text_lr_traditional_only,5,data/nodementia/Roger Waters/RogerWaters_3.wav,Roger Waters,0,,0.2857311641550111,,,clip
text_lr_traditional_only,5,data/dementia/Ronald Reagan/RonaldReagan_10.wav,Ronald Reagan,1,10.0,0.2639680978348915,,,clip
text_lr_traditional_only,5,data/dementia/Ronald Reagan/RonaldReagan_5.wav,Ronald Reagan,1,5.0,0.2948517018264361,,,clip
text_lr_traditional_only,5,data/dementia/Sparky Anderson/SparkyAnderson_0.wav,Sparky Anderson,1,0.0,0.1957354355671132,,,clip
text_lr_traditional_only,5,data/nodementia/Stacy Keach/StacyKeach_1.wav,Stacy Keach,0,,0.2245830492851026,,,clip
text_lr_traditional_only,5,data/nodementia/Stacy Keach/StacyKeach_2.wav,Stacy Keach,0,,0.23463112878322132,,,clip
text_lr_traditional_only,5,data/nodementia/Stacy Keach/StacyKeach_3.wav,Stacy Keach,0,,0.2882377150210503,,,clip
text_lr_traditional_only,5,data/dementia/Stan Bowles/StanBowles_5.wav,Stan Bowles,1,5.0,0.5846443610118265,,,clip
text_lr_traditional_only,5,data/dementia/Stella Stevens/StellaStevens_15.wav,Stella Stevens,1,15.0,0.2845366687853338,,,clip
text_lr_traditional_only,5,data/dementia/Steve Lawrence/SteveLawrence_15.wav,Steve Lawrence,1,15.0,0.2567015017405731,,,clip
text_lr_traditional_only,5,data/nodementia/Tina turner/Tinaturner_1.wav,Tina turner,0,,0.19038426317962212,,,clip
text_lr_traditional_only,5,data/nodementia/Tina turner/Tinaturner_2.wav,Tina turner,0,,0.2398317203207746,,,clip
text_lr_traditional_only,5,data/nodementia/Tina turner/Tinaturner_3.wav,Tina turner,0,,0.1869217476556211,,,clip
text_lr_traditional_only,5,data/dementia/Tony Bennett/TonyBennett_0.wav,Tony Bennett,1,0.0,0.27137342816815657,,,clip
text_lr_traditional_only,5,data/dementia/Tony Bennett/TonyBennett_15.wav,Tony Bennett,1,15.0,0.26216794681009453,,,clip
text_lr_traditional_only,5,data/nodementia/Warren Buffett/Warren Buffett_1.wav,Warren Buffett,0,,0.34321940929092654,,,clip
text_lr_traditional_only,5,data/nodementia/Warren Buffett/Warren Buffett_2.wav,Warren Buffett,0,,0.2076428350927127,,,clip
text_lr_traditional_only,5,data/nodementia/Warren Buffett/WarrenBuffett_3.wav,Warren Buffett,0,,0.31499175484393355,,,clip
text_lr_traditional_only,5,data/nodementia/Werner Herzog/WernerHerzog_1.wav,Werner Herzog,0,,0.2299166359934907,,,clip
text_lr_traditional_only,5,,Aileen Hernandez,1,0.0,0.29398692153727035,,,speaker
text_lr_traditional_only,5,,Bernie Sanders,0,,0.34929786454415745,,,speaker
text_lr_traditional_only,5,,Betty White,0,,0.27735148668673404,,,speaker
text_lr_traditional_only,5,,Bill Wyman,0,,0.19083646276351696,,,speaker
text_lr_traditional_only,5,,Bob Dole,0,,0.3299180550721923,,,speaker
text_lr_traditional_only,5,,Clint Eastwood,0,,0.32404580113295384,,,speaker
text_lr_traditional_only,5,,Dick Cavett,0,,0.2726590584795041,,,speaker
text_lr_traditional_only,5,,Dick van Patten,0,,0.2725108812249163,,,speaker
text_lr_traditional_only,5,,Emile Griffith,1,5.0,0.3593497205861617,,,speaker
text_lr_traditional_only,5,,Evelyn Keyes,1,0.0,0.24088433195641698,,,speaker
text_lr_traditional_only,5,,Francis Ford Coppola,0,,0.25049626570353656,,,speaker
text_lr_traditional_only,5,,Harvey Keitel,0,,0.3287660481295284,,,speaker
text_lr_traditional_only,5,,James Brolin,0,,0.32386877016860405,,,speaker
text_lr_traditional_only,5,,James Earl Jones,0,,0.34335544698979226,,,speaker
text_lr_traditional_only,5,,Jerry Stiller,0,,0.21465086794523003,,,speaker
text_lr_traditional_only,5,,Jesse Helms,1,0.0,0.2937666401279071,,,speaker
text_lr_traditional_only,5,,Jessejackson,1,0.0,0.2934516793299908,,,speaker
text_lr_traditional_only,5,,John Mackey,1,15.0,0.23415052732884845,,,speaker
text_lr_traditional_only,5,,Jon Voight,0,,0.24425462535879736,,,speaker
text_lr_traditional_only,5,,Jonathan Miller,1,5.0,0.23925619423079864,,,speaker
text_lr_traditional_only,5,,Kenny Rogers,0,,0.29308027599017594,,,speaker
text_lr_traditional_only,5,,Leon Redbone,1,15.0,0.15003179554233134,,,speaker
text_lr_traditional_only,5,,Martin Sheen,0,,0.2805012272077568,,,speaker
text_lr_traditional_only,5,,Nana Mouskouri,0,,0.22646854373836597,,,speaker
text_lr_traditional_only,5,,Paul McCartney,0,,0.35970237711148806,,,speaker
text_lr_traditional_only,5,,Paul Sorvino,0,,0.25277803689317524,,,speaker
text_lr_traditional_only,5,,Pele,0,,0.3179055408694729,,,speaker
text_lr_traditional_only,5,,Peter Falk,1,10.0,0.24577976596889312,,,speaker
text_lr_traditional_only,5,,Peter Reveen,1,15.0,0.3811357940362035,,,speaker
text_lr_traditional_only,5,,Queen Elisabeth,0,,0.2219364455690091,,,speaker
text_lr_traditional_only,5,,Richard Donner,0,,0.2389955073408528,,,speaker
text_lr_traditional_only,5,,Robert Anderson,1,10.0,0.2342492277440767,,,speaker
text_lr_traditional_only,5,,Robert Vaughn,0,,0.3350155385400977,,,speaker
text_lr_traditional_only,5,,Roger Waters,0,,0.3476915041725833,,,speaker
text_lr_traditional_only,5,,Ronald Reagan,1,5.0,0.2794098998306638,,,speaker
text_lr_traditional_only,5,,Sparky Anderson,1,0.0,0.1957354355671132,,,speaker
text_lr_traditional_only,5,,Stacy Keach,0,,0.2491506310297914,,,speaker
text_lr_traditional_only,5,,Stan Bowles,1,5.0,0.5846443610118265,,,speaker
text_lr_traditional_only,5,,Stella Stevens,1,15.0,0.2845366687853338,,,speaker
text_lr_traditional_only,5,,Steve Lawrence,1,15.0,0.2567015017405731,,,speaker
text_lr_traditional_only,5,,Tina turner,0,,0.20571257705200593,,,speaker
text_lr_traditional_only,5,,Tony Bennett,1,0.0,0.2667706874891256,,,speaker
text_lr_traditional_only,5,,Warren Buffett,0,,0.2886179997425243,,,speaker
text_lr_traditional_only,5,,Werner Herzog,0,,0.2299166359934907,,,speaker
text_lr_novel_only,5,data/dementia/Aileen Hernandez/aileenhernandez_0.wav,Aileen Hernandez,1,0.0,0.24897917287477808,,,clip
text_lr_novel_only,5,data/dementia/Aileen Hernandez/aileenhernandez_5_1.wav,Aileen Hernandez,1,5.0,0.2339350022276436,,,clip
text_lr_novel_only,5,data/dementia/Aileen Hernandez/aileenhernandez_5_2.wav,Aileen Hernandez,1,5.0,0.25191552477176143,,,clip
text_lr_novel_only,5,data/nodementia/Bernie Sanders/BernieSanders_3.wav,Bernie Sanders,0,,0.22743763300794925,,,clip
text_lr_novel_only,5,data/nodementia/Betty White/Betty White_1.wav,Betty White,0,,0.24393739333263176,,,clip
text_lr_novel_only,5,data/nodementia/Betty White/Betty White_2.wav,Betty White,0,,0.30520792065418006,,,clip
text_lr_novel_only,5,data/nodementia/Betty White/Betty White_3.wav,Betty White,0,,0.23924218816918028,,,clip
text_lr_novel_only,5,data/nodementia/Bill Wyman/BillWyman_1.wav,Bill Wyman,0,,0.21964377599129362,,,clip
text_lr_novel_only,5,data/nodementia/Bill Wyman/BillWyman_2.wav,Bill Wyman,0,,0.242854036190802,,,clip
text_lr_novel_only,5,data/nodementia/Bill Wyman/BillWyman_3.wav,Bill Wyman,0,,0.26748482449107486,,,clip
text_lr_novel_only,5,data/nodementia/Bob Dole/BobDole_1.wav,Bob Dole,0,,0.2590533272706827,,,clip
text_lr_novel_only,5,data/nodementia/Bob Dole/BobDole_2.wav,Bob Dole,0,,0.238183793379376,,,clip
text_lr_novel_only,5,data/nodementia/Bob Dole/BobDole_3.wav,Bob Dole,0,,0.29864908528639833,,,clip
text_lr_novel_only,5,data/nodementia/Clint Eastwood/Clint Eastwood_1.wav,Clint Eastwood,0,,0.3016459592674684,,,clip
text_lr_novel_only,5,data/nodementia/Clint Eastwood/Clint Eastwood_2.wav,Clint Eastwood,0,,0.24825980502719588,,,clip
text_lr_novel_only,5,data/nodementia/Clint Eastwood/Clint Eastwood_3.wav,Clint Eastwood,0,,0.2700646236603275,,,clip
text_lr_novel_only,5,data/nodementia/Dick Cavett/DickCavett_1.wav,Dick Cavett,0,,0.2582995687243784,,,clip
text_lr_novel_only,5,data/nodementia/Dick Cavett/DickCavett_3.wav,Dick Cavett,0,,0.2552336372660294,,,clip
text_lr_novel_only,5,data/nodementia/Dick van Patten/DickVanPatten_1.wav,Dick van Patten,0,,0.2367566864468602,,,clip
text_lr_novel_only,5,data/nodementia/Dick van Patten/DickVanPatten_3.wav,Dick van Patten,0,,0.22700924091483748,,,clip
text_lr_novel_only,5,data/dementia/Emile Griffith/emilegriffith_5.wav,Emile Griffith,1,5.0,0.3234741421155518,,,clip
text_lr_novel_only,5,data/dementia/Evelyn Keyes/EvelynKeyes_0.wav,Evelyn Keyes,1,0.0,0.2951768812840394,,,clip
text_lr_novel_only,5,data/dementia/Evelyn Keyes/EvelynKeyes_10.wav,Evelyn Keyes,1,10.0,0.25835844965641563,,,clip
text_lr_novel_only,5,data/nodementia/Francis Ford Coppola/FrancisFordCoppola_2.wav,Francis Ford Coppola,0,,0.2761122136799323,,,clip
text_lr_novel_only,5,data/nodementia/Francis Ford Coppola/FrancisFordCoppola_3.wav,Francis Ford Coppola,0,,0.25437857409186376,,,clip
text_lr_novel_only,5,data/nodementia/Harvey Keitel/HarveyKeitel_1.wav,Harvey Keitel,0,,0.2962905235723776,,,clip
text_lr_novel_only,5,data/nodementia/Harvey Keitel/HarveyKeitel_2.wav,Harvey Keitel,0,,0.2939171176900402,,,clip
text_lr_novel_only,5,data/nodementia/Harvey Keitel/HarveyKeitel_3.wav,Harvey Keitel,0,,0.2917460231991848,,,clip
text_lr_novel_only,5,data/nodementia/James Brolin/JamesBrolin_1.wav,James Brolin,0,,0.2819035660645545,,,clip
text_lr_novel_only,5,data/nodementia/James Brolin/JamesBrolin_2.wav,James Brolin,0,,0.3456000475797167,,,clip
text_lr_novel_only,5,data/nodementia/James Brolin/JamesBrolin_3.wav,James Brolin,0,,0.22713950611449754,,,clip
text_lr_novel_only,5,data/nodementia/James Earl Jones/james earl jones_1.wav,James Earl Jones,0,,0.2980321928907634,,,clip
text_lr_novel_only,5,data/nodementia/James Earl Jones/james earl jones_2.wav,James Earl Jones,0,,0.30057220919062955,,,clip
text_lr_novel_only,5,data/nodementia/Jerry Stiller/JerryStiller_2.wav,Jerry Stiller,0,,0.2552989580976592,,,clip
text_lr_novel_only,5,data/nodementia/Jerry Stiller/JerryStiller_3.wav,Jerry Stiller,0,,0.2628173467546747,,,clip
text_lr_novel_only,5,data/dementia/Jesse Helms/jessehelms_0.wav,Jesse Helms,1,0.0,0.285127347648065,,,clip
text_lr_novel_only,5,data/dementia/Jesse Helms/jessehelms_5_1.wav,Jesse Helms,1,5.0,0.29497310615090233,,,clip
text_lr_novel_only,5,data/dementia/Jesse Helms/jessehelms_5_2.wav,Jesse Helms,1,5.0,0.25276739310459745,,,clip
text_lr_novel_only,5,data/dementia/Jessejackson/Jessejackson_0.wav,Jessejackson,1,0.0,0.2886932858557336,,,clip
text_lr_novel_only,5,data/dementia/John Mackey/johnmackey_15_1.wav,John Mackey,1,15.0,0.24055440251944563,,,clip
text_lr_novel_only,5,data/dementia/John Mackey/johnmackey_15_2.wav,John Mackey,1,15.0,0.24779243750446436,,,clip
text_lr_novel_only,5,data/nodementia/Jon Voight/JonVoight_1.wav,Jon Voight,0,,0.27968067802801866,,,clip
text_lr_novel_only,5,data/nodementia/Jon Voight/JonVoight_2.wav,Jon Voight,0,,0.2582111969536946,,,clip
text_lr_novel_only,5,data/nodementia/Jon Voight/JonVoight_3.wav,Jon Voight,0,,0.26073589010059034,,,clip
text_lr_novel_only,5,data/dementia/Jonathan Miller/JonathanMiller_5.wav,Jonathan Miller,1,5.0,0.2692300106883954,,,clip
text_lr_novel_only,5,data/nodementia/Kenny Rogers/KennyRogers_1.wav,Kenny Rogers,0,,0.24959130096163695,,,clip
text_lr_novel_only,5,data/nodementia/Kenny Rogers/KennyRogers_3.wav,Kenny Rogers,0,,0.23454164724691837,,,clip
text_lr_novel_only,5,data/dementia/Leon Redbone/leonredbone_15.wav,Leon Redbone,1,15.0,0.2659565838738537,,,clip
text_lr_novel_only,5,data/nodementia/Martin Sheen/MartinSheen_1.wav,Martin Sheen,0,,0.27755878933228423,,,clip
text_lr_novel_only,5,data/nodementia/Martin Sheen/MartinSheen_2.wav,Martin Sheen,0,,0.24855857326982062,,,clip
text_lr_novel_only,5,data/nodementia/Martin Sheen/MartinSheen_3.wav,Martin Sheen,0,,0.26828702730897247,,,clip
text_lr_novel_only,5,data/nodementia/Nana Mouskouri/NanaMouskouri_1.wav,Nana Mouskouri,0,,0.2876192616743966,,,clip
text_lr_novel_only,5,data/nodementia/Nana Mouskouri/NanaMouskouri_3.wav,Nana Mouskouri,0,,0.2945555759812532,,,clip
text_lr_novel_only,5,data/nodementia/Paul McCartney/PaulMcCartney_1.wav,Paul McCartney,0,,0.5439013267842618,,,clip
text_lr_novel_only,5,data/nodementia/Paul McCartney/PaulMcCartney_2.wav,Paul McCartney,0,,0.2642888127063478,,,clip
text_lr_novel_only,5,data/nodementia/Paul McCartney/PaulMcCartney_3.wav,Paul McCartney,0,,0.27020219625452235,,,clip
text_lr_novel_only,5,data/nodementia/Paul Sorvino/PaulSorvino_2.wav,Paul Sorvino,0,,0.24893855784511498,,,clip
text_lr_novel_only,5,data/nodementia/Paul Sorvino/PaulSorvino_3.wav,Paul Sorvino,0,,0.2890913278774833,,,clip
text_lr_novel_only,5,data/nodementia/Pele/Pele_1.wav,Pele,0,,0.27035492225784213,,,clip
text_lr_novel_only,5,data/nodementia/Pele/Pele_2.wav,Pele,0,,0.257168545325458,,,clip
text_lr_novel_only,5,data/nodementia/Pele/Pel‚_3.wav,Pele,0,,0.4010217429077335,,,clip
text_lr_novel_only,5,data/dementia/Peter Falk/PeterFalk_10.wav,Peter Falk,1,10.0,0.27481287811231114,,,clip
text_lr_novel_only,5,data/dementia/Peter Falk/PeterFalk_15.wav,Peter Falk,1,15.0,0.2706003452113995,,,clip
text_lr_novel_only,5,data/dementia/Peter Reveen/peterreveen_15.wav,Peter Reveen,1,15.0,0.2836665069934653,,,clip
text_lr_novel_only,5,data/nodementia/Queen Elisabeth/Queen Elisabeth_3.wav,Queen Elisabeth,0,,0.2817822387811547,,,clip
text_lr_novel_only,5,data/nodementia/Richard Donner/RichardDonner_2.wav,Richard Donner,0,,0.27212898754002895,,,clip
text_lr_novel_only,5,data/nodementia/Richard Donner/RichardDonner_3.wav,Richard Donner,0,,0.24553400265457398,,,clip
text_lr_novel_only,5,data/dementia/Robert Anderson/RobertAnderson_10.wav,Robert Anderson,1,10.0,0.2513183064191614,,,clip
text_lr_novel_only,5,data/nodementia/Robert Vaughn/RobertVaughn_1.wav,Robert Vaughn,0,,0.26587296266584404,,,clip
text_lr_novel_only,5,data/nodementia/Robert Vaughn/RobertVaughn_2.wav,Robert Vaughn,0,,0.3531463303897831,,,clip
text_lr_novel_only,5,data/nodementia/Robert Vaughn/RobertVaughn_3.wav,Robert Vaughn,0,,0.2885385865678041,,,clip
text_lr_novel_only,5,data/nodementia/Roger Waters/RogerWaters_2.wav,Roger Waters,0,,0.3037072800863948,,,clip
text_lr_novel_only,5,data/nodementia/Roger Waters/RogerWaters_3.wav,Roger Waters,0,,0.25157035466133404,,,clip
text_lr_novel_only,5,data/dementia/Ronald Reagan/RonaldReagan_10.wav,Ronald Reagan,1,10.0,0.29358361218223,,,clip
text_lr_novel_only,5,data/dementia/Ronald Reagan/RonaldReagan_5.wav,Ronald Reagan,1,5.0,0.2628742446611636,,,clip
text_lr_novel_only,5,data/dementia/Sparky Anderson/SparkyAnderson_0.wav,Sparky Anderson,1,0.0,0.2823738247988873,,,clip
text_lr_novel_only,5,data/nodementia/Stacy Keach/StacyKeach_1.wav,Stacy Keach,0,,0.24780598284564023,,,clip
text_lr_novel_only,5,data/nodementia/Stacy Keach/StacyKeach_2.wav,Stacy Keach,0,,0.26081049243746385,,,clip
text_lr_novel_only,5,data/nodementia/Stacy Keach/StacyKeach_3.wav,Stacy Keach,0,,0.25980278778155996,,,clip
text_lr_novel_only,5,data/dementia/Stan Bowles/StanBowles_5.wav,Stan Bowles,1,5.0,0.5829897501956562,,,clip
text_lr_novel_only,5,data/dementia/Stella Stevens/StellaStevens_15.wav,Stella Stevens,1,15.0,0.29721841894869067,,,clip
text_lr_novel_only,5,data/dementia/Steve Lawrence/SteveLawrence_15.wav,Steve Lawrence,1,15.0,0.3117846254210845,,,clip
text_lr_novel_only,5,data/nodementia/Tina turner/Tinaturner_1.wav,Tina turner,0,,0.3130961492022363,,,clip
text_lr_novel_only,5,data/nodementia/Tina turner/Tinaturner_2.wav,Tina turner,0,,0.26502780037914886,,,clip
text_lr_novel_only,5,data/nodementia/Tina turner/Tinaturner_3.wav,Tina turner,0,,0.2997546019608171,,,clip
text_lr_novel_only,5,data/dementia/Tony Bennett/TonyBennett_0.wav,Tony Bennett,1,0.0,0.3312160337838892,,,clip
text_lr_novel_only,5,data/dementia/Tony Bennett/TonyBennett_15.wav,Tony Bennett,1,15.0,0.2685523230404483,,,clip
text_lr_novel_only,5,data/nodementia/Warren Buffett/Warren Buffett_1.wav,Warren Buffett,0,,0.3289413582322136,,,clip
text_lr_novel_only,5,data/nodementia/Warren Buffett/Warren Buffett_2.wav,Warren Buffett,0,,0.2538340914501491,,,clip
text_lr_novel_only,5,data/nodementia/Warren Buffett/WarrenBuffett_3.wav,Warren Buffett,0,,0.27040955752017776,,,clip
text_lr_novel_only,5,data/nodementia/Werner Herzog/WernerHerzog_1.wav,Werner Herzog,0,,0.32521247826179545,,,clip
text_lr_novel_only,5,,Aileen Hernandez,1,0.0,0.24494323329139436,,,speaker
text_lr_novel_only,5,,Bernie Sanders,0,,0.22743763300794925,,,speaker
text_lr_novel_only,5,,Betty White,0,,0.26279583405199736,,,speaker
text_lr_novel_only,5,,Bill Wyman,0,,0.2433275455577235,,,speaker
text_lr_novel_only,5,,Bob Dole,0,,0.265295401978819,,,speaker
text_lr_novel_only,5,,Clint Eastwood,0,,0.2733234626516639,,,speaker
text_lr_novel_only,5,,Dick Cavett,0,,0.25676660299520393,,,speaker
text_lr_novel_only,5,,Dick van Patten,0,,0.23188296368084885,,,speaker
text_lr_novel_only,5,,Emile Griffith,1,5.0,0.3234741421155518,,,speaker
text_lr_novel_only,5,,Evelyn Keyes,1,0.0,0.2767676654702275,,,speaker
text_lr_novel_only,5,,Francis Ford Coppola,0,,0.265245393885898,,,speaker
text_lr_novel_only,5,,Harvey Keitel,0,,0.2939845548205342,,,speaker
text_lr_novel_only,5,,James Brolin,0,,0.2848810399195896,,,speaker
text_lr_novel_only,5,,James Earl Jones,0,,0.2993022010406965,,,speaker
text_lr_novel_only,5,,Jerry Stiller,0,,0.2590581524261669,,,speaker
text_lr_novel_only,5,,Jesse Helms,1,0.0,0.2776226156345216,,,speaker
text_lr_novel_only,5,,Jessejackson,1,0.0,0.2886932858557336,,,speaker
text_lr_novel_only,5,,John Mackey,1,15.0,0.244173420011955,,,speaker
text_lr_novel_only,5,,Jon Voight,0,,0.26620925502743453,,,speaker
text_lr_novel_only,5,,Jonathan Miller,1,5.0,0.2692300106883954,,,speaker
text_lr_novel_only,5,,Kenny Rogers,0,,0.24206647410427767,,,speaker
text_lr_novel_only,5,,Leon Redbone,1,15.0,0.2659565838738537,,,speaker
text_lr_novel_only,5,,Martin Sheen,0,,0.2648014633036924,,,speaker
text_lr_novel_only,5,,Nana Mouskouri,0,,0.2910874188278249,,,speaker
text_lr_novel_only,5,,Paul McCartney,0,,0.35946411191504396,,,speaker
text_lr_novel_only,5,,Paul Sorvino,0,,0.2690149428612991,,,speaker
text_lr_novel_only,5,,Pele,0,,0.3095150701636779,,,speaker
text_lr_novel_only,5,,Peter Falk,1,10.0,0.2727066116618553,,,speaker
text_lr_novel_only,5,,Peter Reveen,1,15.0,0.2836665069934653,,,speaker
text_lr_novel_only,5,,Queen Elisabeth,0,,0.2817822387811547,,,speaker
text_lr_novel_only,5,,Richard Donner,0,,0.25883149509730147,,,speaker
text_lr_novel_only,5,,Robert Anderson,1,10.0,0.2513183064191614,,,speaker
text_lr_novel_only,5,,Robert Vaughn,0,,0.3025192932078104,,,speaker
text_lr_novel_only,5,,Roger Waters,0,,0.2776388173738644,,,speaker
text_lr_novel_only,5,,Ronald Reagan,1,5.0,0.2782289284216968,,,speaker
text_lr_novel_only,5,,Sparky Anderson,1,0.0,0.2823738247988873,,,speaker
text_lr_novel_only,5,,Stacy Keach,0,,0.256139754354888,,,speaker
text_lr_novel_only,5,,Stan Bowles,1,5.0,0.5829897501956562,,,speaker
text_lr_novel_only,5,,Stella Stevens,1,15.0,0.29721841894869067,,,speaker
text_lr_novel_only,5,,Steve Lawrence,1,15.0,0.3117846254210845,,,speaker
text_lr_novel_only,5,,Tina turner,0,,0.29262618384740074,,,speaker
text_lr_novel_only,5,,Tony Bennett,1,0.0,0.29988417841216874,,,speaker
text_lr_novel_only,5,,Warren Buffett,0,,0.2843950024008468,,,speaker
text_lr_novel_only,5,,Werner Herzog,0,,0.32521247826179545,,,speaker
